,,,,,,,,,,,,,,,,,,,,,,,,,,,,,,
First Name,Nickname,Last Name,FPPG,Played,Salary,Game,Team,Opponent,Injury Indicator,Injury Details,Tier,,,Roster Position,,,,,,,,,,,,,,,,
Luka,Luka Doncic,Doncic,58.46666463216150,6,12500,DAL@ORL,DAL,ORL,,,,,,PG,,,,,,,,,,,,,,,,
Joel,Joel Embiid,Embiid,56.5,5,12000,WAS@PHI,PHI,WAS,,,,,,C,,,,,,,,,,,,,,,,
Nikola,Nikola Jokic,Jokic,55.471426827567000,7,11800,NO@DEN,DEN,NO,,,,,,C,,,,,,,,,,,,,,,,
Anthony,Anthony Davis,Davis,59.68333435058590,6,11600,LAL@MIA,LAL,MIA,,,,,,PF/C,,,,,,,,,,,,,,,,
Shai,Shai Gilgeous-Alexander,Gilgeous-Alexander,49.86000061035160,5,11000,ATL@OKC,OKC,ATL,O,Knee,,,,PG,,,,,,,,,,,,,,,,
Jayson,Jayson Tatum,Tatum,46.620001220703100,5,10400,BOS@MIN,BOS,MIN,,,,,,SF/PF,,,,,,,,,,,,,,,,
Giannis,Giannis Antetokounmpo,Antetokounmpo,40.47999877929690,5,10300,MIL@BKN,MIL,BKN,,,,,,PF,,,,,,,,,,,,,,,,
LeBron,LeBron James,James,48.333333333333300,6,10200,LAL@MIA,LAL,MIA,,,,,,SF/PF,,,,,,,,,,,,,,,,
Domantas,Domantas Sabonis,Sabonis,46.33999938964840,5,9900,SAC@HOU,SAC,HOU,,,,,,PF/C,,,,,,,,,,,,,,,,
Tyrese,Tyrese Haliburton,Haliburton,49.4,5,9800,SA@IND,IND,SA,,,,,,PG,,,,,,,,,,,,,,,,
Stephen,Stephen Curry,Curry,43.17143031529020,7,9700,GS@DET,GS,DET,,,,,,PG,,,,,,,,,,,,,,,,
De'Aaron,De'Aaron Fox,Fox,48.866668701171900,3,9100,SAC@HOU,SAC,HOU,O,Ankle,,,,PG,,,,,,,,,,,,,,,,
James,James Harden,Harden,45.75217249773550,69,8900,LAC@NY,LAC,NY,,,,,,PG/SG,,,,,,,,,,,,,,,,
Trae,Trae Young,Young,41.03333282470700,6,8800,ATL@OKC,ATL,OKC,,,,,,PG,,,,,,,,,,,,,,,,
Anthony,Anthony Edwards,Edwards,38.83999938964840,5,8800,BOS@MIN,MIN,BOS,,,,,,SG/SF,,,,,,,,,,,,,,,,
Kyrie,Kyrie Irving,Irving,39.525001525878900,4,8700,DAL@ORL,DAL,ORL,,,,,,PG/SG,,,,,,,,,,,,,,,,
Damian,Damian Lillard,Lillard,35.220001220703100,5,8700,MIL@BKN,MIL,BKN,,,,,,PG,,,,,,,,,,,,,,,,
Tyrese,Tyrese Maxey,Maxey,44.539999389648400,5,8600,WAS@PHI,PHI,WAS,,,,,,PG,,,,,,,,,,,,,,,,
Paul,Paul George,George,45.16000061035160,5,8500,LAC@NY,LAC,NY,,,,,,SG/SF,,,,,,,,,,,,,,,,
Victor,Victor Wembanyama,Wembanyama,41.46666717529300,6,8500,SA@IND,SA,IND,,,,,,PF/C,,,,,,,,,,,,,,,,
Jimmy,Jimmy Butler,Butler,35.039999389648400,5,8400,LAL@MIA,MIA,LAL,GTD,Knee,,,,SF/PF,,,,,,,,,,,,,,,,
Bam,Bam Adebayo,Adebayo,35.939999389648400,5,8400,LAL@MIA,MIA,LAL,,,,,,C,,,,,,,,,,,,,,,,
Dejounte,Dejounte Murray,Murray,38.550000508626300,6,8300,ATL@OKC,ATL,OKC,,,,,,PG/SG,,,,,,,,,,,,,,,,
Kristaps,Kristaps Porzingis,Porzingis,35.939999389648400,5,8300,BOS@MIN,BOS,MIN,,,,,,PF/C,,,,,,,,,,,,,,,,
Lauri,Lauri Markkanen,Markkanen,39.57142857142860,7,8300,UTA@CHI,UTA,CHI,,,,,,SF/PF,,,,,,,,,,,,,,,,
Karl-Anthony,Karl-Anthony Towns,Towns,37.7,5,8200,BOS@MIN,MIN,BOS,,,,,,PF/C,,,,,,,,,,,,,,,,
Kawhi,Kawhi Leonard,Leonard,41.13999938964840,5,8200,LAC@NY,LAC,NY,,,,,,SF/PF,,,,,,,,,,,,,,,,
Jalen,Jalen Brunson,Brunson,36.46666717529300,6,8200,LAC@NY,NY,LAC,,,,,,PG,,,,,,,,,,,,,,,,
Alperen,Alperen Sengun,Sengun,39.320001220703100,5,8100,SAC@HOU,HOU,SAC,,,,,,C,,,,,,,,,,,,,,,,
Brandon,Brandon Ingram,Ingram,35.06666564941410,3,8100,NO@DEN,NO,DEN,,,,,,SF,,,,,,,,,,,,,,,,
Fred,Fred VanVleet,VanVleet,36.320001220703100,5,8100,SAC@HOU,HOU,SAC,,,,,,PG,,,,,,,,,,,,,,,,
Tyler,Tyler Herro,Herro,41.300000508626300,6,8100,LAL@MIA,MIA,LAL,,,,,,SG,,,,,,,,,,,,,,,,
Cade,Cade Cunningham,Cunningham,34.67142813546320,7,8000,GS@DET,DET,GS,,,,,,PG/SG,,,,,,,,,,,,,,,,
Zion,Zion Williamson,Williamson,34.97999877929690,5,8000,NO@DEN,NO,DEN,,,,,,PF,,,,,,,,,,,,,,,,
Chet,Chet Holmgren,Holmgren,37.800000508626300,6,8000,ATL@OKC,OKC,ATL,,,,,,C,,,,,,,,,,,,,,,,
Nikola,Nikola Vucevic,Vucevic,35.199999128069200,7,7900,UTA@CHI,CHI,UTA,,,,,,C,,,,,,,,,,,,,,,,
CJ,CJ McCollum,McCollum,41.63333384195960,6,7900,NO@DEN,NO,DEN,O,Chest,,,,PG/SG,,,,,,,,,,,,,,,,
Paolo,Paolo Banchero,Banchero,36.98333231608070,6,7900,DAL@ORL,ORL,DAL,,,,,,SF/PF,,,,,,,,,,,,,,,,
Jaylen,Jaylen Brown,Brown,36.5,5,7800,BOS@MIN,BOS,MIN,,,,,,SG/SF,,,,,,,,,,,,,,,,
Julius,Julius Randle,Randle,34.3500010172526,6,7800,LAC@NY,NY,LAC,,,,,,PF,,,,,,,,,,,,,,,,
Kyle,Kyle Kuzma,Kuzma,35.42000122070310,5,7700,WAS@PHI,WAS,PHI,,,,,,SF/PF,,,,,,,,,,,,,,,,
Josh,Josh Giddey,Giddey,26.666666666666700,6,7700,ATL@OKC,OKC,ATL,,,,,,PG/SG,,,,,,,,,,,,,,,,
Rudy,Rudy Gobert,Gobert,36.97999877929690,5,7700,BOS@MIN,MIN,BOS,,,,,,C,,,,,,,,,,,,,,,,
Jamal,Jamal Murray,Murray,31.228572300502200,7,7600,NO@DEN,DEN,NO,O,Hamstring,,,,PG,,,,,,,,,,,,,,,,
Mikal,Mikal Bridges,Bridges,34.6499989827474,6,7600,MIL@BKN,BKN,MIL,,,,,,SG/SF,,,,,,,,,,,,,,,,
Myles,Myles Turner,Turner,34.199999491373700,6,7600,SA@IND,IND,SA,,,,,,C,,,,,,,,,,,,,,,,
Russell,Russell Westbrook,Westbrook,39.66000061035160,5,7500,LAC@NY,LAC,NY,,,,,,PG,,,,,,,,,,,,,,,,
DeMar,DeMar DeRozan,DeRozan,35.88571384974890,7,7500,UTA@CHI,CHI,UTA,,,,,,SF,,,,,,,,,,,,,,,,
Jalen,Jalen Duren,Duren,36.050000508626300,6,7400,GS@DET,DET,GS,,,,,,C,,,,,,,,,,,,,,,,
Keldon,Keldon Johnson,Johnson,33.550000508626300,6,7400,SA@IND,SA,IND,,,,,,SF/PF,,,,,,,,,,,,,,,,
Zach,Zach LaVine,LaVine,31.385713849748900,7,7400,UTA@CHI,CHI,UTA,,,,,,SG,,,,,,,,,,,,,,,,
Franz,Franz Wagner,Wagner,35.050000508626300,6,7300,DAL@ORL,ORL,DAL,,,,,,SG/SF,,,,,,,,,,,,,,,,
Ben,Ben Simmons,Simmons,32.2,5,7300,MIL@BKN,BKN,MIL,,,,,,PG/PF,,,,,,,,,,,,,,,,
Tobias,Tobias Harris,Harris,34.939999389648400,5,7200,WAS@PHI,PHI,WAS,,,,,,SF/PF,,,,,,,,,,,,,,,,
Cam,Cam Thomas,Thomas,38.13333384195960,6,7100,MIL@BKN,BKN,MIL,,,,,,SG/SF,,,,,,,,,,,,,,,,
Jrue,Jrue Holiday,Holiday,34,5,7000,BOS@MIN,BOS,MIN,,,,,,PG,,,,,,,,,,,,,,,,
Jalen,Jalen Williams,Williams,29.883333841959600,6,7000,ATL@OKC,OKC,ATL,,,,,,SG/SF,,,,,,,,,,,,,,,,
Nic,Nic Claxton,Claxton,30.399999618530300,1,7000,MIL@BKN,BKN,MIL,O,Ankle,,,,C,,,,,,,,,,,,,,,,
Chris,Chris Paul,Paul,27.885713849748900,7,6900,GS@DET,GS,DET,,,,,,PG,,,,,,,,,,,,,,,,
D'Angelo,D'Angelo Russell,Russell,32.38333384195960,6,6800,LAL@MIA,LAL,MIA,,,,,,PG/SG,,,,,,,,,,,,,,,,
Jonas,Jonas Valanciunas,Valanciunas,29.116666158040400,6,6700,NO@DEN,NO,DEN,,,,,,C,,,,,,,,,,,,,,,,
Jordan,Jordan Poole,Poole,29.6,5,6700,WAS@PHI,WAS,PHI,,,,,,PG/SG,,,,,,,,,,,,,,,,
Devin,Devin Vassell,Vassell,28.779998779296900,5,6700,SA@IND,SA,IND,GTD,Groin,,,,SG,,,,,,,,,,,,,,,,
Ausar,Ausar Thompson,Thompson,36.142857142857100,7,6600,GS@DET,DET,GS,,,,,,SG,,,,,,,,,,,,,,,,
Spencer,Spencer Dinwiddie,Dinwiddie,24.060000610351600,5,6600,MIL@BKN,BKN,MIL,,,,,,PG/SG,,,,,,,,,,,,,,,,
Zach,Zach Collins,Collins,32.53333282470700,6,6600,SA@IND,SA,IND,,,,,,PF/C,,,,,,,,,,,,,,,,
Jalen,Jalen Green,Green,26.339999389648400,5,6500,SAC@HOU,HOU,SAC,,,,,,PG/SG,,,,,,,,,,,,,,,,
Keegan,Keegan Murray,Murray,29.339999389648400,5,6500,SAC@HOU,SAC,HOU,,,,,,SF/PF,,,,,,,,,,,,,,,,
Draymond,Draymond Green,Green,29.639999389648400,5,6400,GS@DET,GS,DET,,,,,,PF/C,,,,,,,,,,,,,,,,
John,John Collins,Collins,29.771427699497800,7,6300,UTA@CHI,UTA,CHI,,,,,,PF/C,,,,,,,,,,,,,,,,
Michael,Michael Porter,Porter,30.642857142857100,7,6300,NO@DEN,DEN,NO,,,,,,SF,,,,,,,,,,,,,,,,
Jordan,Jordan Clarkson,Clarkson,25.08571515764510,7,6200,UTA@CHI,UTA,CHI,,,,,,PG/SG,,,,,,,,,,,,,,,,
Mitchell,Mitchell Robinson,Robinson,27.816665649414100,6,6200,LAC@NY,NY,LAC,,,,,,C,,,,,,,,,,,,,,,,
Jabari,Jabari Smith,Smith,29.160000610351600,5,6200,SAC@HOU,HOU,SAC,,,,,,PF,,,,,,,,,,,,,,,,
RJ,RJ Barrett,Barrett,28.350000381469700,4,6200,LAC@NY,NY,LAC,GTD,Knee,,,,SF,,,,,,,,,,,,,,,,
Jalen,Jalen Johnson,Johnson,30.833333333333300,6,6100,ATL@OKC,ATL,OKC,,,,,,SF/PF,,,,,,,,,,,,,,,,
Jeremy,Jeremy Sochan,Sochan,25.51666768391930,6,6100,SA@IND,SA,IND,,,,,,PG/PF,,,,,,,,,,,,,,,,
Clint,Clint Capela,Capela,29.53333282470700,6,6100,ATL@OKC,ATL,OKC,,,,,,C,,,,,,,,,,,,,,,,
Kelly,Kelly Oubre,Oubre,31,5,6100,WAS@PHI,PHI,WAS,,,,,,SG/SF,,,,,,,,,,,,,,,,
Austin,Austin Reaves,Reaves,24.5500005086263,6,6000,LAL@MIA,LAL,MIA,,,,,,SG/SF,,,,,,,,,,,,,,,,
Aaron,Aaron Gordon,Gordon,31.24285670689170,7,6000,NO@DEN,DEN,NO,,,,,,PF,,,,,,,,,,,,,,,,
Tyus,Tyus Jones,Jones,24.039999389648400,5,6000,WAS@PHI,WAS,PHI,,,,,,PG,,,,,,,,,,,,,,,,
Talen,Talen Horton-Tucker,Horton-Tucker,26.614286150251100,7,6000,UTA@CHI,UTA,CHI,,,,,,SG/SF,,,,,,,,,,,,,,,,
Onyeka,Onyeka Okongwu,Okongwu,24.066665649414100,6,6000,ATL@OKC,ATL,OKC,,,,,,C,,,,,,,,,,,,,,,,
Deni,Deni Avdija,Avdija,27.360000610351600,5,5900,WAS@PHI,WAS,PHI,GTD,Ankle,,,,SF/PF,,,,,,,,,,,,,,,,
Jalen,Jalen Suggs,Suggs,26.350001017252600,6,5900,DAL@ORL,ORL,DAL,,,,,,PG/SG,,,,,,,,,,,,,,,,
Brook,Brook Lopez,Lopez,25.2,5,5900,MIL@BKN,MIL,BKN,,,,,,C,,,,,,,,,,,,,,,,
Khris,Khris Middleton,Middleton,19.725000381469700,4,5900,MIL@BKN,MIL,BKN,,,,,,SG/SF,,,,,,,,,,,,,,,,
Herbert,Herbert Jones,Jones,27.166666666666700,6,5800,NO@DEN,NO,DEN,,,,,,SG/SF,,,,,,,,,,,,,,,,
Derrick,Derrick White,White,32.67499923706060,4,5800,BOS@MIN,BOS,MIN,GTD,Personal,,,,PG/SG,,,,,,,,,,,,,,,,
Walker,Walker Kessler,Kessler,20.514286586216500,7,5800,UTA@CHI,UTA,CHI,,,,,,C,,,,,,,,,,,,,,,,
De'Andre,De'Andre Hunter,Hunter,26.71666717529300,6,5800,ATL@OKC,ATL,OKC,,,,,,SF/PF,,,,,,,,,,,,,,,,
Markelle,Markelle Fultz,Fultz,25.875,4,5800,DAL@ORL,ORL,DAL,GTD,Knee,,,,PG,,,,,,,,,,,,,,,,
Cole,Cole Anthony,Anthony,26.383333841959600,6,5800,DAL@ORL,ORL,DAL,,,,,,PG/SG,,,,,,,,,,,,,,,,
Ivica,Ivica Zubac,Zubac,25.1,5,5700,LAC@NY,LAC,NY,,,,,,C,,,,,,,,,,,,,,,,
Cameron,Cameron Johnson,Johnson,26.5,1,5700,MIL@BKN,BKN,MIL,O,Calf,,,,SF/PF,,,,,,,,,,,,,,,,
Dillon,Dillon Brooks,Brooks,29.079998779296900,5,5700,SAC@HOU,HOU,SAC,,,,,,SG/SF,,,,,,,,,,,,,,,,
Tre,Tre Jones,Jones,25.01666768391930,6,5700,SA@IND,SA,IND,,,,,,PG,,,,,,,,,,,,,,,,
Dereck,Dereck Lively,Lively,24.8000005086263,6,5600,DAL@ORL,DAL,ORL,,,,,,C,,,,,,,,,,,,,,,,
Kyle,Kyle Anderson,Anderson,24.960000610351600,5,5600,BOS@MIN,MIN,BOS,,,,,,SF/PF,,,,,,,,,,,,,,,,
Luguentz,Luguentz Dort,Dort,24.933334350585900,6,5600,ATL@OKC,OKC,ATL,,,,,,SG/SF,,,,,,,,,,,,,,,,
Isaiah,Isaiah Stewart,Stewart,22.728572300502200,7,5600,GS@DET,DET,GS,,,,,,PF/C,,,,,,,,,,,,,,,,
Immanuel,Immanuel Quickley,Quickley,24.833333333333300,6,5600,LAC@NY,NY,LAC,,,,,,PG/SG,,,,,,,,,,,,,,,,
Naz,Naz Reid,Reid,23.719999694824200,5,5500,BOS@MIN,MIN,BOS,,,,,,PF/C,,,,,,,,,,,,,,,,
Tim,Tim Hardaway,Hardaway,25.100001017252600,6,5500,DAL@ORL,DAL,ORL,,,,,,SG/SF,,,,,,,,,,,,,,,,
Malik,Malik Monk,Monk,26.73999938964840,5,5500,SAC@HOU,SAC,HOU,,,,,,PG/SG,,,,,,,,,,,,,,,,
Killian,Killian Hayes,Hayes,22.971429007394000,7,5400,GS@DET,DET,GS,,,,,,PG,,,,,,,,,,,,,,,,
Bobby,Bobby Portis,Portis,22.73999938964840,5,5400,MIL@BKN,MIL,BKN,,,,,,PF/C,,,,,,,,,,,,,,,,
Klay,Klay Thompson,Thompson,25.399998982747400,6,5400,GS@DET,GS,DET,,,,,,SG,,,,,,,,,,,,,,,,
Kevin,Kevin Huerter,Huerter,19.58000030517580,5,5400,SAC@HOU,SAC,HOU,,,,,,SG/SF,,,,,,,,,,,,,,,,
Daniel,Daniel Gafford,Gafford,20.566666920979800,3,5400,WAS@PHI,WAS,PHI,GTD,Ankle,,,,C,,,,,,,,,,,,,,,,
Buddy,Buddy Hield,Hield,24.76666768391930,6,5300,SA@IND,IND,SA,,,,,,SG/SF,,,,,,,,,,,,,,,,
Davion,Davion Mitchell,Mitchell,13.939999389648400,5,5300,SAC@HOU,SAC,HOU,,,,,,PG,,,,,,,,,,,,,,,,
Kevon,Kevon Looney,Looney,25.114286150251100,7,5300,GS@DET,GS,DET,,,,,,C,,,,,,,,,,,,,,,,
Mike,Mike Conley,Conley,24.539999389648400,5,5300,BOS@MIN,MIN,BOS,,,,,,PG,,,,,,,,,,,,,,,,
Bruce,Bruce Brown,Brown,22.183334350585900,6,5300,SA@IND,IND,SA,,,,,,SF,,,,,,,,,,,,,,,,
Grant,Grant Williams,Williams,25.133333841959600,6,5300,DAL@ORL,DAL,ORL,,,,,,PF,,,,,,,,,,,,,,,,
Christian,Christian Wood,Wood,20.616666158040400,6,5200,LAL@MIA,LAL,MIA,,,,,,PF/C,,,,,,,,,,,,,,,,
Harrison,Harrison Barnes,Barnes,22.76000061035160,5,5200,SAC@HOU,SAC,HOU,,,,,,SF/PF,,,,,,,,,,,,,,,,
De'Anthony,De'Anthony Melton,Melton,22.539999389648400,5,5200,WAS@PHI,PHI,WAS,,,,,,PG/SG,,,,,,,,,,,,,,,,
Norman,Norman Powell,Powell,21.860000610351600,5,5200,LAC@NY,LAC,NY,,,,,,SG/SF,,,,,,,,,,,,,,,,
Josh,Josh Hart,Hart,20.0500005086263,6,5100,LAC@NY,NY,LAC,,,,,,SG/SF,,,,,,,,,,,,,,,,
Bennedict,Bennedict Mathurin,Mathurin,19.233333587646500,6,5100,SA@IND,IND,SA,,,,,,SG/SF,,,,,,,,,,,,,,,,
Moritz,Moritz Wagner,Wagner,18.71666717529300,6,5100,DAL@ORL,ORL,DAL,,,,,,C,,,,,,,,,,,,,,,,
Saddiq,Saddiq Bey,Bey,23.51666768391930,6,5100,ATL@OKC,ATL,OKC,,,,,,SF,,,,,,,,,,,,,,,,
Dorian,Dorian Finney-Smith,Finney-Smith,24.850001017252600,6,5100,MIL@BKN,BKN,MIL,,,,,,SF/PF,,,,,,,,,,,,,,,,
Marvin,Marvin Bagley,Bagley,19.614286150251100,7,5000,GS@DET,DET,GS,,,,,,PF/C,,,,,,,,,,,,,,,,
Coby,Coby White,White,21.214285714285700,7,5000,UTA@CHI,CHI,UTA,,,,,,PG,,,,,,,,,,,,,,,,
Bogdan,Bogdan Bogdanovic,Bogdanovic,24.666666666666700,6,5000,ATL@OKC,ATL,OKC,,,,,,SG/SF,,,,,,,,,,,,,,,,
Andrew,Andrew Wiggins,Wiggins,16.528570992606000,7,5000,GS@DET,GS,DET,,,,,,SF/PF,,,,,,,,,,,,,,,,
Marcus,Marcus Sasser,Sasser,19.028570992606000,7,4900,GS@DET,DET,GS,,,,,,PG,,,,,,,,,,,,,,,,
Alec,Alec Burks,Burks,25.274999618530300,4,4900,GS@DET,DET,GS,GTD,Forearm,,,,PG/SG,,,,,,,,,,,,,,,,
Al,Al Horford,Horford,18.91999969482420,5,4900,BOS@MIN,BOS,MIN,,,,,,C,,,,,,,,,,,,,,,,
Royce,Royce O'Neale,O'Neale,23.083333333333300,6,4900,MIL@BKN,BKN,MIL,,,,,,SF/PF,,,,,,,,,,,,,,,,
Jaden,Jaden McDaniels,McDaniels,18.633333841959600,3,4900,BOS@MIN,MIN,BOS,,,,,,SF/PF,,,,,,,,,,,,,,,,
Kyle,Kyle Lowry,Lowry,21.46666717529300,6,4800,LAL@MIA,MIA,LAL,,,,,,PG,,,,,,,,,,,,,,,,
Kevin,Kevin Love,Love,21.433334350585900,3,4800,LAL@MIA,MIA,LAL,,,,,,PF/C,,,,,,,,,,,,,,,,
Lonnie,Lonnie Walker,Walker,24.519999694824200,5,4800,MIL@BKN,BKN,MIL,GTD,Knee,,,,SG/SF,,,,,,,,,,,,,,,,
Goga,Goga Bitadze,Bitadze,14.824999809265100,4,4800,DAL@ORL,ORL,DAL,,,,,,C,,,,,,,,,,,,,,,,
Delon,Delon Wright,Wright,19,5,4800,WAS@PHI,WAS,PHI,,,,,,PG,,,,,,,,,,,,,,,,
Mason,Mason Plumlee,Plumlee,16.139999389648400,5,4700,LAC@NY,LAC,NY,,,,,,C,,,,,,,,,,,,,,,,
Malaki,Malaki Branham,Branham,14.316666920979800,6,4700,SA@IND,SA,IND,,,,,,SG/SF,,,,,,,,,,,,,,,,
Aaron,Aaron Nesmith,Nesmith,21.366666158040400,6,4700,SA@IND,IND,SA,,,,,,SF/PF,,,,,,,,,,,,,,,,
Anthony,Anthony Black,Black,13.725000381469700,4,4700,DAL@ORL,ORL,DAL,,,,,,PG,,,,,,,,,,,,,,,,
Andrew,Andrew Nembhard,Nembhard,17,6,4600,SA@IND,IND,SA,,,,,,PG/SG,,,,,,,,,,,,,,,,
Jaden,Jaden Ivey,Ivey,20.25,6,4600,GS@DET,DET,GS,GTD,Illness,,,,SG,,,,,,,,,,,,,,,,
Dario,Dario Saric,Saric,20.457142421177500,7,4600,GS@DET,GS,DET,,,,,,PF/C,,,,,,,,,,,,,,,,
T.J.,T.J. McConnell,McConnell,17.875,4,4600,SA@IND,IND,SA,,,,,,PG,,,,,,,,,,,,,,,,
Kelly,Kelly Olynyk,Olynyk,20.542857578822500,7,4500,UTA@CHI,UTA,CHI,,,,,,PF/C,,,,,,,,,,,,,,,,
Day'Ron,Day'Ron Sharpe,Sharpe,16.016666412353500,6,4500,MIL@BKN,BKN,MIL,,,,,,C,,,,,,,,,,,,,,,,
Kentavious,Kentavious Caldwell-Pope,Caldwell-Pope,20.714285714285700,7,4500,NO@DEN,DEN,NO,,,,,,SG,,,,,,,,,,,,,,,,
Malik,Malik Beasley,Beasley,19.73999938964840,5,4500,MIL@BKN,MIL,BKN,,,,,,SG/SF,,,,,,,,,,,,,,,,
Christian,Christian Braun,Braun,22.24285670689170,7,4500,NO@DEN,DEN,NO,,,,,,SG,,,,,,,,,,,,,,,,
Terance,Terance Mann,Mann,17.754651446675100,86,4500,LAC@NY,LAC,NY,O,Ankle,,,,PG/SG,,,,,,,,,,,,,,,,
Jalen,Jalen Smith,Smith,21.8,5,4500,SA@IND,IND,SA,,,,,,C,,,,,,,,,,,,,,,,
Josh,Josh Green,Green,18.566666920979800,6,4500,DAL@ORL,DAL,ORL,,,,,,SG,,,,,,,,,,,,,,,,
Bilal,Bilal Coulibaly,Coulibaly,16.23999938964840,5,4400,WAS@PHI,WAS,PHI,,,,,,SF,,,,,,,,,,,,,,,,
Taurean,Taurean Prince,Prince,16.299999237060500,4,4400,LAL@MIA,LAL,MIA,,,,,,SF/PF,,,,,,,,,,,,,,,,
Andre,Andre Drummond,Drummond,16.157142639160200,7,4400,UTA@CHI,CHI,UTA,,,,,,C,,,,,,,,,,,,,,,,
Jonathan,Jonathan Kuminga,Kuminga,19.633333841959600,6,4400,GS@DET,GS,DET,,,,,,SF,,,,,,,,,,,,,,,,
Alex,Alex Caruso,Caruso,19.928571428571400,7,4400,UTA@CHI,CHI,UTA,GTD,Elbow,,,,PG/SG,,,,,,,,,,,,,,,,
Dyson,Dyson Daniels,Daniels,20.733333587646500,6,4400,NO@DEN,NO,DEN,,,,,,PG,,,,,,,,,,,,,,,,
Isaiah,Isaiah Hartenstein,Hartenstein,16.383333841959600,6,4400,LAC@NY,NY,LAC,,,,,,PF/C,,,,,,,,,,,,,,,,
Corey,Corey Kispert,Kispert,13.875,4,4300,WAS@PHI,WAS,PHI,GTD,Ankle,,,,SF,,,,,,,,,,,,,,,,
Derrick,Derrick Jones,Jones,13.233333587646500,6,4300,DAL@ORL,DAL,ORL,,,,,,SF,,,,,,,,,,,,,,,,
Caleb,Caleb Martin,Martin,10.100000381469700,1,4300,LAL@MIA,MIA,LAL,O,Knee,,,,SF/PF,,,,,,,,,,,,,,,,
Jose,Jose Alvarado,Alvarado,18.822950019211100,61,4300,NO@DEN,NO,DEN,O,Ankle,,,,PG,,,,,,,,,,,,,,,,
Donte,Donte DiVincenzo,DiVincenzo,15.566666920979800,6,4300,LAC@NY,NY,LAC,,,,,,SG/SF,,,,,,,,,,,,,,,,
Thomas,Thomas Bryant,Bryant,15.449999491373700,6,4300,LAL@MIA,MIA,LAL,,,,,,C,,,,,,,,,,,,,,,,
Josh,Josh Richardson,Richardson,15.59999974568690,3,4300,LAL@MIA,MIA,LAL,,,,,,SG/SF,,,,,,,,,,,,,,,,
Obi,Obi Toppin,Toppin,16.28333282470700,6,4300,SA@IND,IND,SA,,,,,,PF,,,,,,,,,,,,,,,,
Jordan,Jordan Hawkins,Hawkins,17.616666158040400,6,4200,NO@DEN,NO,DEN,,,,,,SG,,,,,,,,,,,,,,,,
Robert,Robert Covington,Covington,13.38000030517580,5,4200,WAS@PHI,PHI,WAS,,,,,,SF/PF,,,,,,,,,,,,,,,,
Isaiah,Isaiah Jackson,Jackson,15.949999809265100,2,4200,SA@IND,IND,SA,,,,,,PF,,,,,,,,,,,,,,,,
Sam,Sam Hauser,Hauser,13.5,5,4200,BOS@MIN,BOS,MIN,,,,,,SF,,,,,,,,,,,,,,,,
Reggie,Reggie Jackson,Jackson,19.17142813546320,7,4200,NO@DEN,DEN,NO,,,,,,PG,,,,,,,,,,,,,,,,
Collin,Collin Sexton,Sexton,16.75714329310830,7,4200,UTA@CHI,UTA,CHI,,,,,,SG,,,,,,,,,,,,,,,,
Patrick,Patrick Williams,Williams,16.042857578822500,7,4200,UTA@CHI,CHI,UTA,GTD,Finger,,,,SF/PF,,,,,,,,,,,,,,,,
Jonathan,Jonathan Isaac,Isaac,11.680000305175800,5,4200,DAL@ORL,ORL,DAL,,,,,,SF/PF,,,,,,,,,,,,,,,,
Cason,Cason Wallace,Wallace,13.833333333333300,6,4200,ATL@OKC,OKC,ATL,,,,,,SG,,,,,,,,,,,,,,,,
Trey,Trey Lyles,Lyles,15.253086419753100,81,4100,SAC@HOU,SAC,HOU,O,Calf,,,,PF,,,,,,,,,,,,,,,,
Bones,Bones Hyland,Hyland,19.339999389648400,5,4100,LAC@NY,LAC,NY,,,,,,PG,,,,,,,,,,,,,,,,
Duncan,Duncan Robinson,Robinson,16.9499994913737,6,4100,LAL@MIA,MIA,LAL,GTD,Wrist,,,,SG/SF,,,,,,,,,,,,,,,,
Jae,Jae Crowder,Crowder,20.360000610351600,5,4100,MIL@BKN,MIL,BKN,,,,,,SF/PF,,,,,,,,,,,,,,,,
Orlando,Orlando Robinson,Robinson,17.049999237060500,2,4100,LAL@MIA,MIA,LAL,,,,,,C,,,,,,,,,,,,,,,,
Tari,Tari Eason,Eason,22.13658477038870,82,4100,SAC@HOU,HOU,SAC,GTD,Lower leg,,,,SF,,,,,,,,,,,,,,,,
Cam,Cam Reddish,Reddish,10.5,6,4100,LAL@MIA,LAL,MIA,,,,,,SG/SF,,,,,,,,,,,,,,,,
Paul,Paul Reed,Reed,12.15999984741210,5,4100,WAS@PHI,PHI,WAS,,,,,,C,,,,,,,,,,,,,,,,
Jaime,Jaime Jaquez,Jaquez,14.766666412353500,6,4000,LAL@MIA,MIA,LAL,,,,,,SF,,,,,,,,,,,,,,,,
Moses,Moses Moody,Moody,16.542857578822500,7,4000,GS@DET,GS,DET,,,,,,SG,,,,,,,,,,,,,,,,
Gary,Gary Payton,Payton,16.914285932268400,7,4000,GS@DET,GS,DET,,,,,,SG,,,,,,,,,,,,,,,,
Jae'Sean,Jae'Sean Tate,Tate,17.7,5,4000,SAC@HOU,HOU,SAC,,,,,,SF/PF,,,,,,,,,,,,,,,,
Patrick,Patrick Beverley,Beverley,12.11999969482420,5,4000,WAS@PHI,PHI,WAS,,,,,,PG,,,,,,,,,,,,,,,,
Danilo,Danilo Gallinari,Gallinari,13.319999694824200,5,4000,WAS@PHI,WAS,PHI,,,,,,SF/PF,,,,,,,,,,,,,,,,
Larry,Larry Nance,Nance,13,6,4000,NO@DEN,NO,DEN,,,,,,PF/C,,,,,,,,,,,,,,,,
Nicolas,Nicolas Batum,Batum,14.633333841959600,3,4000,WAS@PHI,PHI,WAS,,,,,,SF/PF,,,,,,,,,,,,,,,,
Matt,Matt Ryan,Ryan,14.016666412353500,6,4000,NO@DEN,NO,DEN,,,,,,SF,,,,,,,,,,,,,,,,
Cedi,Cedi Osman,Osman,17.28333282470700,6,4000,SA@IND,SA,IND,,,,,,SF/PF,,,,,,,,,,,,,,,,
Landry,Landry Shamet,Shamet,9.699999809265140,2,4000,WAS@PHI,WAS,PHI,,,,,,SG,,,,,,,,,,,,,,,,
Zeke,Zeke Nnaji,Nnaji,9.914285932268420,7,4000,NO@DEN,DEN,NO,,,,,,PF/C,,,,,,,,,,,,,,,,
Dennis,Dennis Smith,Smith,11.44000015258790,5,4000,MIL@BKN,BKN,MIL,,,,,,PG,,,,,,,,,,,,,,,,
Payton,Payton Pritchard,Pritchard,12.580000305175800,5,4000,BOS@MIN,BOS,MIN,,,,,,PG,,,,,,,,,,,,,,,,
Kenyon,Kenyon Martin,Martin,5.275000095367430,4,3900,WAS@PHI,PHI,WAS,,,,,,SF/PF,,,,,,,,,,,,,,,,
Trendon,Trendon Watford,Watford,14.600000381469700,2,3900,MIL@BKN,BKN,MIL,,,,,,PF,,,,,,,,,,,,,,,,
Marcus,Marcus Morris,Morris,20.397058823529400,68,3900,WAS@PHI,PHI,WAS,,,,,,SF/PF,,,,,,,,,,,,,,,,
Cameron,Cameron Payne,Payne,6.259999847412110,5,3900,MIL@BKN,MIL,BKN,,,,,,PG/SG,,,,,,,,,,,,,,,,
Jock,Jock Landale,Landale,10.866666158040400,3,3900,SAC@HOU,HOU,SAC,,,,,,C,,,,,,,,,,,,,,,,
Pat,Pat Connaughton,Connaughton,13.260000610351600,5,3900,MIL@BKN,MIL,BKN,,,,,,SG/SF,,,,,,,,,,,,,,,,
Haywood,Haywood Highsmith,Highsmith,13.899999618530300,2,3900,LAL@MIA,MIA,LAL,,,,,,SF,,,,,,,,,,,,,,,,
Shake,Shake Milton,Milton,11.919999694824200,5,3900,BOS@MIN,MIN,BOS,,,,,,PG,,,,,,,,,,,,,,,,
Maxi,Maxi Kleber,Kleber,12.199999809265100,4,3900,DAL@ORL,DAL,ORL,GTD,Toe,,,,PF/C,,,,,,,,,,,,,,,,
Jevon,Jevon Carter,Carter,11.099999564034600,7,3900,UTA@CHI,CHI,UTA,,,,,,PG/SG,,,,,,,,,,,,,,,,
Peyton,Peyton Watson,Watson,14.242856706891700,7,3900,NO@DEN,DEN,NO,,,,,,SG,,,,,,,,,,,,,,,,
Nickeil,Nickeil Alexander-Walker,Alexander-Walker,13.1,5,3900,BOS@MIN,MIN,BOS,,,,,,SG/SF,,,,,,,,,,,,,,,,
Torrey,Torrey Craig,Craig,16.74285670689170,7,3900,UTA@CHI,CHI,UTA,,,,,,SF,,,,,,,,,,,,,,,,
Amir,Amir Coffey,Coffey,1.3999999364217100,3,3900,LAC@NY,LAC,NY,,,,,,SG/SF,,,,,,,,,,,,,,,,
Isaiah,Isaiah Joe,Joe,15.116666158040400,6,3900,ATL@OKC,OKC,ATL,,,,,,PG,,,,,,,,,,,,,,,,
Gary,Gary Harris,Harris,13.739999389648400,5,3900,DAL@ORL,ORL,DAL,O,Groin,,,,SG,,,,,,,,,,,,,,,,
Amen,Amen Thompson,Thompson,12.550000190734900,4,3900,SAC@HOU,HOU,SAC,O,Ankle,,,,PG/SG,,,,,,,,,,,,,,,,
Keyonte,Keyonte George,George,15.17142813546320,7,3900,UTA@CHI,UTA,CHI,,,,,,SG,,,,,,,,,,,,,,,,
Kobe,Kobe Brown,Brown,6.849999904632570,4,3800,LAC@NY,LAC,NY,,,,,,PF,,,,,,,,,,,,,,,,
Jordan,Jordan Miller,Miller,2.5,2,3800,LAC@NY,LAC,NY,,,,,,SF,,,,,,,,,,,,,,,,
Trayce,Trayce Jackson-Davis,Jackson-Davis,17.433333079020200,3,3800,GS@DET,GS,DET,,,,,,PF,,,,,,,,,,,,,,,,
Brandon,Brandon Boston,Boston,9.695652173913040,23,3800,LAC@NY,LAC,NY,O,Quadriceps,,,,SG,,,,,,,,,,,,,,,,
Luke,Luke Kornet,Kornet,8.925000190734860,4,3800,BOS@MIN,BOS,MIN,,,,,,PF,,,,,,,,,,,,,,,,
Quentin,Quentin Grimes,Grimes,13.866666158040400,6,3800,LAC@NY,NY,LAC,,,,,,SG/SF,,,,,,,,,,,,,,,,
Chris,Chris Duarte,Duarte,11.819999694824200,5,3800,SAC@HOU,SAC,HOU,,,,,,SG/SF,,,,,,,,,,,,,,,,
Aaron,Aaron Wiggins,Wiggins,8.259999847412110,5,3800,ATL@OKC,OKC,ATL,,,,,,SG,,,,,,,,,,,,,,,,
Ayo,Ayo Dosunmu,Dosunmu,9.54000015258789,5,3800,UTA@CHI,CHI,UTA,GTD,Illness,,,,PG/SG,,,,,,,,,,,,,,,,
Kris,Kris Dunn,Dunn,10.549999872843400,6,3800,UTA@CHI,UTA,CHI,,,,,,PG/SG,,,,,,,,,,,,,,,,
Mike,Mike Muscala,Muscala,9.050000190734860,4,3800,WAS@PHI,WAS,PHI,,,,,,C,,,,,,,,,,,,,,,,
Armoni,Armoni Brooks,Brooks,9.699999809265140,2,3800,MIL@BKN,BKN,MIL,,,,,,SG,,,,,,,,,,,,,,,,
AJ,AJ Griffin,Griffin,5.4,5,3800,ATL@OKC,ATL,OKC,,,,,,SF,,,,,,,,,,,,,,,,
Jaylin,Jaylin Williams,Williams,15.5,1,3800,ATL@OKC,OKC,ATL,,,,,,PF/C,,,,,,,,,,,,,,,,
Johnny,Johnny Davis,Davis,12.59999974568690,3,3800,WAS@PHI,WAS,PHI,,,,,,SG,,,,,,,,,,,,,,,,
Ochai,Ochai Agbaji,Agbaji,7.671428680419920,7,3800,UTA@CHI,UTA,CHI,,,,,,SG,,,,,,,,,,,,,,,,
Rui,Rui Hachimura,Hachimura,13.766666412353500,3,3800,LAL@MIA,LAL,MIA,O,Concussion,,,,SF/PF,,,,,,,,,,,,,,,,
Jaden,Jaden Hardy,Hardy,12.774999618530300,4,3800,DAL@ORL,DAL,ORL,,,,,,SG,,,,,,,,,,,,,,,,
Nikola,Nikola Jovic,Jovic,19,2,3800,LAL@MIA,MIA,LAL,,,,,,PF,,,,,,,,,,,,,,,,
Dru,Dru Smith,Smith,14.866666158040400,3,3800,LAL@MIA,MIA,LAL,,,,,,SG,,,,,,,,,,,,,,,,
Sasha,Sasha Vezenkov,Vezenkov,12.419999694824200,5,3800,SAC@HOU,SAC,HOU,,,,,,PF,,,,,,,,,,,,,,,,
Eugene,Eugene Omoruyi,Omoruyi,13.25,4,3800,WAS@PHI,WAS,PHI,,,,,,SF,,,,,,,,,,,,,,,,
Brandin,Brandin Podziemski,Podziemski,11,2,3700,GS@DET,GS,DET,,,,,,SG,,,,,,,,,,,,,,,,
Aleksej,Aleksej Pokusevski,Pokusevski,1.5333333015441900,3,3700,ATL@OKC,OKC,ATL,,,,,,PF/C,,,,,,,,,,,,,,,,
Tre,Tre Mann,Mann,6.266666412353520,3,3700,ATL@OKC,OKC,ATL,,,,,,PG,,,,,,,,,,,,,,,,
Charles,Charles Bassey,Bassey,9.383333206176760,6,3700,SA@IND,SA,IND,,,,,,C,,,,,,,,,,,,,,,,
Jaden,Jaden Springer,Springer,7.224999904632570,4,3700,WAS@PHI,PHI,WAS,,,,,,PG,,,,,,,,,,,,,,,,
Furkan,Furkan Korkmaz,Korkmaz,11.366666158040400,3,3700,WAS@PHI,PHI,WAS,,,,,,SF,,,,,,,,,,,,,,,,
Seth,Seth Curry,Curry,5.6400001525878900,5,3700,DAL@ORL,DAL,ORL,,,,,,PG/SG,,,,,,,,,,,,,,,,
Victor,Victor Oladipo,Oladipo,21.944444444444400,45,3700,SAC@HOU,HOU,SAC,O,Knee,,,,SG,,,,,,,,,,,,,,,,
Jamal,Jamal Cain,Cain,11.600000381469700,2,3700,LAL@MIA,MIA,LAL,,,,,,SF,,,,,,,,,,,,,,,,
Cody,Cody Zeller,Zeller,2,3,3700,NO@DEN,NO,DEN,,,,,,C,,,,,,,,,,,,,,,,
JaVale,JaVale McGee,McGee,13.38000030517580,5,3700,SAC@HOU,SAC,HOU,,,,,,C,,,,,,,,,,,,,,,,
Simone,Simone Fontecchio,Fontecchio,7.55999984741211,5,3700,UTA@CHI,UTA,CHI,,,,,,SF,,,,,,,,,,,,,,,,
Troy,Troy Brown,Brown,4.949999809265140,4,3700,BOS@MIN,MIN,BOS,,,,,,SF,,,,,,,,,,,,,,,,
Chuma,Chuma Okeke,Okeke,2.8333333333333300,3,3700,DAL@ORL,ORL,DAL,,,,,,PF,,,,,,,,,,,,,,,,
Ousmane,Ousmane Dieng,Dieng,8.483333587646480,6,3700,ATL@OKC,OKC,ATL,,,,,,SF/PF,,,,,,,,,,,,,,,,
Dwight,Dwight Powell,Powell,14.060000610351600,5,3700,DAL@ORL,DAL,ORL,,,,,,C,,,,,,,,,,,,,,,,
P.J.,P.J. Tucker,Tucker,10.449999809265100,4,3700,LAC@NY,LAC,NY,,,,,,PF,,,,,,,,,,,,,,,,
Jordan,Jordan Nwora,Nwora,9.199999809265140,2,3700,SA@IND,IND,SA,,,,,,SF/PF,,,,,,,,,,,,,,,,
Jarace,Jarace Walker,Walker,12.850000381469700,2,3700,SA@IND,IND,SA,GTD,Illness,,,,PF,,,,,,,,,,,,,,,,
Julian,Julian Strawther,Strawther,7.3599998474121100,5,3600,NO@DEN,DEN,NO,,,,,,SF,,,,,,,,,,,,,,,,
Colby,Colby Jones,Jones,5.474999904632570,4,3600,SAC@HOU,SAC,HOU,,,,,,SG,,,,,,,,,,,,,,,,
Leonard,Leonard Miller,Miller,1.2000000476837200,1,3600,BOS@MIN,MIN,BOS,,,,,,SF/PF,,,,,,,,,,,,,,,,
Dalano,Dalano Banton,Banton,12,2,3600,BOS@MIN,BOS,MIN,,,,,,PG,,,,,,,,,,,,,,,,
Daishen,Daishen Nix,Nix,2.5,2,3600,BOS@MIN,MIN,BOS,,,,,,PG,,,,,,,,,,,,,,,,
Kenrich,Kenrich Williams,Williams,19.635848135318400,53,3600,ATL@OKC,OKC,ATL,O,Back,,,,SF,,,,,,,,,,,,,,,,
Jeff,Jeff Green,Green,10.55999984741210,5,3600,SAC@HOU,HOU,SAC,,,,,,SF/PF,,,,,,,,,,,,,,,,
Olivier,Olivier Sarr,Sarr,10.524999618530300,4,3600,ATL@OKC,OKC,ATL,,,,,,C,,,,,,,,,,,,,,,,
Oshae,Oshae Brissett,Brissett,8.550000190734860,4,3600,BOS@MIN,BOS,MIN,GTD,Thumb,,,,SF,,,,,,,,,,,,,,,,
Reggie,Reggie Bullock,Bullock,4.333333333333330,3,3600,SAC@HOU,HOU,SAC,,,,,,SG/SF,,,,,,,,,,,,,,,,
Jordan,Jordan McLaughlin,McLaughlin,3.375,4,3600,BOS@MIN,MIN,BOS,,,,,,PG,,,,,,,,,,,,,,,,
Devonte',Devonte' Graham,Graham,15.197260608411800,73,3600,SA@IND,SA,IND,,,,,,PG,,,,,,,,,,,,,,,,
Max,Max Christie,Christie,7.533333460489910,3,3600,LAL@MIA,LAL,MIA,,,,,,SG,,,,,,,,,,,,,,,,
Ryan,Ryan Rollins,Rollins,13.375,4,3600,WAS@PHI,WAS,PHI,,,,,,SG,,,,,,,,,,,,,,,,
Danuel,Danuel House,House,8.399999618530270,2,3600,WAS@PHI,PHI,WAS,,,,,,SF,,,,,,,,,,,,,,,,
Jaxson,Jaxson Hayes,Hayes,4.833333333333330,6,3600,LAL@MIA,LAL,MIA,GTD,Ankle,,,,PF/C,,,,,,,,,,,,,,,,
Dante,Dante Exum,Exum,5.433333079020180,6,3600,DAL@ORL,DAL,ORL,,,,,,PG,,,,,,,,,,,,,,,,
MarJon,MarJon Beauchamp,Beauchamp,10.850000381469700,4,3600,MIL@BKN,MIL,BKN,,,,,,SF,,,,,,,,,,,,,,,,
Doug,Doug McDermott,McDermott,10.533333460489900,6,3600,SA@IND,SA,IND,,,,,,SF/PF,,,,,,,,,,,,,,,,
Kira,Kira Lewis,Lewis,9.700000127156580,6,3600,NO@DEN,NO,DEN,,,,,,PG,,,,,,,,,,,,,,,,
Joe,Joe Ingles,Ingles,9.233333587646480,6,3600,DAL@ORL,ORL,DAL,,,,,,SG/SF,,,,,,,,,,,,,,,,
James,James Wiseman,Wiseman,6.900000095367430,1,3600,GS@DET,DET,GS,,,,,,C,,,,,,,,,,,,,,,,
Omer,Omer Yurtseven,Yurtseven,6.1400001525878900,5,3600,UTA@CHI,UTA,CHI,,,,,,C,,,,,,,,,,,,,,,,
Joe,Joe Harris,Harris,6.342857360839840,7,3600,GS@DET,DET,GS,,,,,,SG/SF,,,,,,,,,,,,,,,,
Ben,Ben Sheppard,Sheppard,5.699999809265140,2,3600,SA@IND,IND,SA,,,,,,SG,,,,,,,,,,,,,,,,
Taylor,Taylor Hendricks,Hendricks,2.200000047683720,1,3600,UTA@CHI,UTA,CHI,,,,,,PF,,,,,,,,,,,,,,,,
Kobe,Kobe Bufkin,Bufkin,1.7000000476837200,2,3500,ATL@OKC,ATL,OKC,O,Thumb,,,,SG,,,,,,,,,,,,,,,,
Garrison,Garrison Mathews,Mathews,0,1,3500,ATL@OKC,ATL,OKC,,,,,,SF,,,,,,,,,,,,,,,,
Olivier-Maxence,Olivier-Maxence Prosper,Prosper,0,1,3500,DAL@ORL,DAL,ORL,,,,,,PF,,,,,,,,,,,,,,,,
Gabe,Gabe Vincent,Vincent,15.699999809265100,4,3500,LAL@MIA,LAL,MIA,O,Knee,,,,PG/SG,,,,,,,,,,,,,,,,
Dariq,Dariq Whitehead,Whitehead,,,3500,MIL@BKN,BKN,MIL,,,,,,SF,,,,,,,,,,,,,,,,
Noah,Noah Clowney,Clowney,,,3500,MIL@BKN,BKN,MIL,,,,,,PF,,,,,,,,,,,,,,,,
Malcolm,Malcolm Cazalon,Cazalon,0,1,3500,GS@DET,DET,GS,,,,,,SG,,,,,,,,,,,,,,,,
Jalen,Jalen Hood-Schifino,Hood-Schifino,,,3500,LAL@MIA,LAL,MIA,O,Knee,,,,SG,,,,,,,,,,,,,,,,
Jalen,Jalen Wilson,Wilson,2.0999999046325700,2,3500,MIL@BKN,BKN,MIL,,,,,,PF,,,,,,,,,,,,,,,,
Sidy,Sidy Cissoko,Cissoko,,,3500,SA@IND,SA,IND,,,,,,SF,,,,,,,,,,,,,,,,
Colin,Colin Castleton,Castleton,3.200000047683720,1,3500,LAL@MIA,LAL,MIA,,,,,,PF/C,,,,,,,,,,,,,,,,
D'Moi,D'Moi Hodge,Hodge,0,1,3500,LAL@MIA,LAL,MIA,,,,,,SG,,,,,,,,,,,,,,,,
Miles,Miles Norris,Norris,,,3500,ATL@OKC,ATL,OKC,,,,,,PF,,,,,,,,,,,,,,,,
Jalen,Jalen Slawson,Slawson,,,3500,SAC@HOU,SAC,HOU,,,,,,SF,,,,,,,,,,,,,,,,
Mouhamed,Mouhamed Gueye,Gueye,1.5,2,3500,ATL@OKC,ATL,OKC,,,,,,PF,,,,,,,,,,,,,,,,
Seth,Seth Lundy,Lundy,,,3500,ATL@OKC,ATL,OKC,,,,,,SF,,,,,,,,,,,,,,,,
Jaylen,Jaylen Clark,Clark,,,3500,BOS@MIN,MIN,BOS,O,Achilles,,,,SG,,,,,,,,,,,,,,,,
Jalen,Jalen Pickett,Pickett,3.133333206176760,3,3500,NO@DEN,DEN,NO,,,,,,SG,,,,,,,,,,,,,,,,
Hunter,Hunter Tyson,Tyson,1.8666666348775200,3,3500,NO@DEN,DEN,NO,,,,,,PF,,,,,,,,,,,,,,,,
Jordan,Jordan Walsh,Walsh,,,3500,BOS@MIN,BOS,MIN,,,,,,SF,,,,,,,,,,,,,,,,
Julian,Julian Phillips,Phillips,0,3,3500,UTA@CHI,CHI,UTA,,,,,,SF,,,,,,,,,,,,,,,,
Isaiah,Isaiah Wong,Wong,,,3500,SA@IND,IND,SA,,,,,,SG,,,,,,,,,,,,,,,,
Onuralp,Onuralp Bitim,Bitim,0,1,3500,UTA@CHI,CHI,UTA,,,,,,SG,,,,,,,,,,,,,,,,
Marques,Marques Bolden,Bolden,,,3500,MIL@BKN,MIL,BKN,,,,,,PF,,,,,,,,,,,,,,,,
Luka,Luka Samanic,Samanic,5.533333460489910,3,3500,UTA@CHI,UTA,CHI,,,,,,PF,,,,,,,,,,,,,,,,
Andre,Andre Jackson,Jackson,9.5,2,3500,MIL@BKN,MIL,BKN,,,,,,SG,,,,,,,,,,,,,,,,
Chris,Chris Livingston,Livingston,6.5,1,3500,MIL@BKN,MIL,BKN,,,,,,SF,,,,,,,,,,,,,,,,
Terquavion,Terquavion Smith,Smith,,,3500,WAS@PHI,PHI,WAS,,,,,,PG,,,,,,,,,,,,,,,,
Ricky,Ricky Council,Council,,,3500,WAS@PHI,PHI,WAS,,,,,,SG,,,,,,,,,,,,,,,,
Keyontae,Keyontae Johnson,Johnson,0,1,3500,ATL@OKC,OKC,ATL,,,,,,SF,,,,,,,,,,,,,,,,
Maxwell,Maxwell Lewis,Lewis,-0.5,2,3500,LAL@MIA,LAL,MIA,,,,,,SF,,,,,,,,,,,,,,,,
Jacob,Jacob Toppin,Toppin,,,3500,LAC@NY,NY,LAC,,,,,,SF,,,,,,,,,,,,,,,,
Oscar,Oscar Tshiebwe,Tshiebwe,,,3500,SA@IND,IND,SA,,,,,,PF,,,,,,,,,,,,,,,,
Sir'Jabari,Sir'Jabari Rice,Rice,,,3500,SA@IND,SA,IND,,,,,,PG,,,,,,,,,,,,,,,,
Julian,Julian Champagnie,Champagnie,3.7999998728434200,3,3500,SA@IND,SA,IND,,,,,,SF,,,,,,,,,,,,,,,,
Adama,Adama Sanogo,Sanogo,,,3500,UTA@CHI,CHI,UTA,,,,,,PF,,,,,,,,,,,,,,,,
Trevelin,Trevelin Queen,Queen,9.200000217982700,7,3500,DAL@ORL,ORL,DAL,,,,,,PG,,,,,,,,,,,,,,,,
Nathan,Nathan Knight,Knight,6.214285714285710,42,3500,BOS@MIN,BOS,MIN,,,,,,PF,,,,,,,,,,,,,,,,
Josh,Josh Christopher,Christopher,10.167187690734900,64,3500,UTA@CHI,UTA,CHI,,,,,,SG,,,,,,,,,,,,,,,,
Jared,Jared Butler,Butler,1.75,2,3500,WAS@PHI,WAS,PHI,,,,,,SG,,,,,,,,,,,,,,,,
Luka,Luka Garza,Garza,3.200000047683720,1,3500,BOS@MIN,MIN,BOS,,,,,,C,,,,,,,,,,,,,,,,
Keon,Keon Johnson,Johnson,9.05749969482422,40,3500,MIL@BKN,BKN,MIL,,,,,,SG,,,,,,,,,,,,,,,,
Isaiah,Isaiah Livers,Livers,13.790384145883400,52,3500,GS@DET,DET,GS,O,Ankle,,,,PF,,,,,,,,,,,,,,,,
Neemias,Neemias Queta,Queta,6.340000152587890,5,3500,BOS@MIN,BOS,MIN,GTD,Foot,,,,C,,,,,,,,,,,,,,,,
Joshua,Joshua Primo,Primo,17.149999618530300,4,3500,LAC@NY,LAC,NY,,,,,,PG/SG,,,,,,,,,,,,,,,,
Greg,Greg Brown,Brown,4.768750190734860,16,3500,DAL@ORL,DAL,ORL,,,,,,PF,,,,,,,,,,,,,,,,
Miles,Miles McBride,McBride,4.925000190734860,4,3500,LAC@NY,NY,LAC,,,,,,PG,,,,,,,,,,,,,,,,
Jericho,Jericho Sims,Sims,3.1500000953674300,2,3500,LAC@NY,NY,LAC,,,,,,C,,,,,,,,,,,,,,,,
Jeremiah,Jeremiah Robinson-Earl,Robinson-Earl,15.061363913796200,44,3500,NO@DEN,NO,DEN,,,,,,PF/C,,,,,,,,,,,,,,,,
R.J.,R.J. Hampton,Hampton,0,1,3500,LAL@MIA,MIA,LAL,GTD,Illness,,,,PG/SG,,,,,,,,,,,,,,,,
Kessler,Kessler Edwards,Edwards,0,3,3500,SAC@HOU,SAC,HOU,,,,,,SF,,,,,,,,,,,,,,,,
Anthony,Anthony Gill,Gill,8.166666666666670,3,3500,WAS@PHI,WAS,PHI,,,,,,PF,,,,,,,,,,,,,,,,
Filip,Filip Petrusev,Petrusev,1.2000000476837200,1,3500,SAC@HOU,SAC,HOU,,,,,,C,,,,,,,,,,,,,,,,
Sandro,Sandro Mamukelashvili,Mamukelashvili,5.400000095367430,1,3500,SA@IND,SA,IND,,,,,,PF/C,,,,,,,,,,,,,,,,
Trey,Trey Murphy,Murphy,25.2375,80,3500,NO@DEN,NO,DEN,O,Knee,,,,SF,,,,,,,,,,,,,,,,
Lindell,Lindell Wigginton,Wigginton,10.485714503697000,7,3500,MIL@BKN,MIL,BKN,,,,,,PG,,,,,,,,,,,,,,,,
Markieff,Markieff Morris,Morris,8.220000348772320,35,3500,DAL@ORL,DAL,ORL,,,,,,SF/PF,,,,,,,,,,,,,,,,
Ryan,Ryan Arcidiacono,Arcidiacono,1.2000000476837200,1,3500,LAC@NY,NY,LAC,,,,,,PG/SG,,,,,,,,,,,,,,,,
Cory,Cory Joseph,Joseph,2.7999998728434200,3,3500,GS@DET,GS,DET,,,,,,PG,,,,,,,,,,,,,,,,
Bojan,Bojan Bogdanovic,Bogdanovic,29.823728399761700,59,3500,GS@DET,DET,GS,O,Calf,,,,SF/PF,,,,,,,,,,,,,,,,
Braxton,Braxton Key,Key,2.566666603088380,3,3500,NO@DEN,DEN,NO,,,,,,SF,,,,,,,,,,,,,,,,
Davis,Davis Bertans,Bertans,7.199999809265140,1,3500,ATL@OKC,OKC,ATL,,,,,,SF,,,,,,,,,,,,,,,,
Usman,Usman Garuba,Garuba,11.485333658854200,75,3500,GS@DET,GS,DET,,,,,,PF,,,,,,,,,,,,,,,,
Justin,Justin Holiday,Holiday,2.0999999046325700,2,3500,NO@DEN,DEN,NO,,,,,,SG/SF,,,,,,,,,,,,,,,,
Charles,Charles Bediako,Bediako,,,3500,SA@IND,SA,IND,,,,,,C,,,,,,,,,,,,,,,,
Stanley,Stanley Umude,Umude,1.0800000190734900,5,3500,GS@DET,DET,GS,,,,,,SG,,,,,,,,,,,,,,,,
John,John Butler,Butler,6.784210205078130,19,3500,WAS@PHI,WAS,PHI,,,,,,PF,,,,,,,,,,,,,,,,
A.J.,A.J. Lawson,Lawson,5.813333129882810,15,3500,DAL@ORL,DAL,ORL,,,,,,SG,,,,,,,,,,,,,,,,
Nate,Nate Hinton,Hinton,0,1,3500,SAC@HOU,HOU,SAC,,,,,,SG,,,,,,,,,,,,,,,,
Boban,Boban Marjanovic,Marjanovic,5.5,1,3500,SAC@HOU,HOU,SAC,,,,,,C,,,,,,,,,,,,,,,,
DeAndre,DeAndre Jordan,Jordan,2.700000047683720,1,3500,NO@DEN,DEN,NO,,,,,,C,,,,,,,,,,,,,,,,
Jay,Jay Huff,Huff,15.314285278320300,7,3500,NO@DEN,DEN,NO,,,,,,C,,,,,,,,,,,,,,,,
Naji,Naji Marshall,Marshall,18.28846153846150,78,3500,NO@DEN,NO,DEN,O,Knee,,,,SF,,,,,,,,,,,,,,,,
Kevon,Kevon Harris,Harris,8.647058823529410,34,3500,DAL@ORL,ORL,DAL,O,Knee,,,,SG,,,,,,,,,,,,,,,,
Jordan,Jordan Ford,Ford,1,2,3500,SAC@HOU,SAC,HOU,,,,,,PG,,,,,,,,,,,,,,,,
Alex,Alex Fudge,Fudge,0,1,3500,LAL@MIA,LAL,MIA,,,,,,SF/PF,,,,,,,,,,,,,,,,
Alex,Alex Len,Len,0.6000000238418580,2,3500,SAC@HOU,SAC,HOU,,,,,,C,,,,,,,,,,,,,,,,
Monte,Monte Morris,Morris,23.951612903225800,62,3500,GS@DET,DET,GS,O,Quadriceps,,,,PG,,,,,,,,,,,,,,,,
Jeenathan,Jeenathan Williams,Williams,4,1,3500,SAC@HOU,HOU,SAC,,,,,,SG,,,,,,,,,,,,,,,,
Vlatko,Vlatko Cancar,Cancar,9.94923095703125,65,3500,NO@DEN,DEN,NO,,,,,,SF,,,,,,,,,,,,,,,,
Jared,Jared Rhoden,Rhoden,0.6000000238418580,2,3500,GS@DET,DET,GS,,,,,,SG,,,,,,,,,,,,,,,,
Charlie,Charlie Brown,Brown,,,3500,LAC@NY,NY,LAC,,,,,,SF,,,,,,,,,,,,,,,,
Evan,Evan Fournier,Fournier,11.585184733072900,27,3500,LAC@NY,NY,LAC,,,,,,SF,,,,,,,,,,,,,,,,
DaQuan,DaQuan Jeffries,Jeffries,3.0999999046325700,2,3500,LAC@NY,NY,LAC,,,,,,SF,,,,,,,,,,,,,,,,
Jermaine,Jermaine Samuels,Samuels,1,2,3500,SAC@HOU,HOU,SAC,,,,,,SF,,,,,,,,,,,,,,,,
Wesley,Wesley Matthews,Matthews,8.753703929759840,54,3500,ATL@OKC,ATL,OKC,O,Calf,,,,SG,,,,,,,,,,,,,,,,
Daniel,Daniel Theis,Theis,15.700000217982700,7,3500,SA@IND,IND,SA,,,,,,PF/C,,,,,,,,,,,,,,,,
Johnny,Johnny Juzang,Juzang,9.100000169542100,18,3500,UTA@CHI,UTA,CHI,,,,,,SF,,,,,,,,,,,,,,,,
Lester,Lester Quinones,Quinones,4,1,3500,GS@DET,GS,DET,,,,,,SG,,,,,,,,,,,,,,,,
Robin,Robin Lopez,Lopez,2.5,1,3500,MIL@BKN,MIL,BKN,,,,,,C,,,,,,,,,,,,,,,,
Dereon,Dereon Seabron,Seabron,3.5,1,3500,NO@DEN,NO,DEN,,,,,,SG,,,,,,,,,,,,,,,,
Collin,Collin Gillespie,Gillespie,4.066666603088380,3,3500,NO@DEN,DEN,NO,,,,,,PG,,,,,,,,,,,,,,,,
Keon,Keon Ellis,Ellis,1.5,2,3500,SAC@HOU,SAC,HOU,,,,,,SG,,,,,,,,,,,,,,,,
A.J.,A.J. Green,Green,5.299999872843430,3,3500,MIL@BKN,MIL,BKN,,,,,,SG,,,,,,,,,,,,,,,,
Justin,Justin Lewis,Lewis,,,3500,UTA@CHI,CHI,UTA,,,,,,PF,,,,,,,,,,,,,,,,
Terry,Terry Taylor,Taylor,1,2,3500,UTA@CHI,CHI,UTA,,,,,,SG/SF,,,,,,,,,,,,,,,,
Cole,Cole Swider,Swider,6.199999809265140,1,3500,LAL@MIA,MIA,LAL,,,,,,SF,,,,,,,,,,,,,,,,
Mo,Mo Bamba,Bamba,2.2666667302449500,3,3500,WAS@PHI,PHI,WAS,,,,,,C,,,,,,,,,,,,,,,,
Jerome,Jerome Robinson,Robinson,2.4000000953674300,1,3500,GS@DET,GS,DET,,,,,,SG,,,,,,,,,,,,,,,,
Wendell,Wendell Carter,Carter,23.519999694824200,5,3500,DAL@ORL,ORL,DAL,O,Finger,,,,C,,,,,,,,,,,,,,,,
Patty,Patty Mills,Mills,9.921950921779730,41,3500,ATL@OKC,ATL,OKC,,,,,,PG/SG,,,,,,,,,,,,,,,,
Kendall,Kendall Brown,Brown,5.116666793823240,6,3500,SA@IND,IND,SA,,,,,,SG,,,,,,,,,,,,,,,,
Blake,Blake Wesley,Wesley,4.5,1,3500,SA@IND,SA,IND,,,,,,SG,,,,,,,,,,,,,,,,
Svi,Svi Mykhailiuk,Mykhailiuk,8.050000190734860,2,3500,BOS@MIN,BOS,MIN,,,,,,SG,,,,,,,,,,,,,,,,
Aaron,Aaron Holiday,Holiday,3.433333396911620,3,3500,SAC@HOU,HOU,SAC,,,,,,PG,,,,,,,,,,,,,,,,
JD,JD Davison,Davison,4.524999936421710,12,3500,BOS@MIN,BOS,MIN,,,,,,PG,,,,,,,,,,,,,,,,
Jarred,Jarred Vanderbilt,Vanderbilt,21.479786974318500,94,3500,LAL@MIA,LAL,MIA,O,Heel,,,,PF,,,,,,,,,,,,,,,,
Dalen,Dalen Terry,Terry,3.866666793823240,3,3500,UTA@CHI,CHI,UTA,,,,,,SG,,,,,,,,,,,,,,,,
Moussa,Moussa Diabate,Diabate,5.866666793823240,3,3500,LAC@NY,LAC,NY,,,,,,PF,,,,,,,,,,,,,,,,
Bruno,Bruno Fernando,Fernando,-1,2,3500,ATL@OKC,ATL,OKC,,,,,,PF/C,,,,,,,,,,,,,,,,
Caleb,Caleb Houstan,Houstan,4.299999872843430,3,3500,DAL@ORL,ORL,DAL,,,,,,SF,,,,,,,,,,,,,,,,
Admiral,Admiral Schofield,Schofield,5,1,3500,DAL@ORL,ORL,DAL,,,,,,SF,,,,,,,,,,,,,,,,
TyTy,TyTy Washington,Washington,2,1,3500,MIL@BKN,MIL,BKN,,,,,,PG,,,,,,,,,,,,,,,,
Patrick,Patrick Baldwin,Baldwin,0.75,2,3500,WAS@PHI,WAS,PHI,,,,,,SF,,,,,,,,,,,,,,,,
Wendell,Wendell Moore,Moore,3.8903225314232600,31,3500,BOS@MIN,MIN,BOS,,,,,,SG,,,,,,,,,,,,,,,,
Josh,Josh Minott,Minott,3.125,4,3500,BOS@MIN,MIN,BOS,,,,,,SF,,,,,,,,,,,,,,,,
Dylan,Dylan Windler,Windler,2.8499999046325700,2,3500,LAC@NY,NY,LAC,,,,,,SG,,,,,,,,,,,,,,,,
E.J.,E.J. Liddell,Liddell,1.2000000476837200,2,3500,NO@DEN,NO,DEN,,,,,,PF,,,,,,,,,,,,,,,,
Javonte,Javonte Smart,Smart,,,3500,WAS@PHI,PHI,WAS,,,,,,PG,,,,,,,,,,,,,,,,
Thanasis,Thanasis Antetokounmpo,Antetokounmpo,2.5,2,3500,MIL@BKN,MIL,BKN,,,,,,SF/PF,,,,,,,,,,,,,,,,
Micah,Micah Potter,Potter,7.171428680419920,7,3500,UTA@CHI,UTA,CHI,,,,,,PF,,,,,,,,,,,,,,,,
Vasilije,Vasilije Micic,Micic,5.900000254313150,3,3500,ATL@OKC,OKC,ATL,,,,,,PG,,,,,,,,,,,,,,,,
Dexter,Dexter Dennis,Dennis,,,3500,DAL@ORL,DAL,ORL,,,,,,SG,,,,,,,,,,,,,,,,
Dominick,Dominick Barlow,Barlow,0,1,3500,SA@IND,SA,IND,,,,,,SF,,,,,,,,,,,,,,,,
Richaun,Richaun Holmes,Holmes,6.369047619047620,42,3500,DAL@ORL,DAL,ORL,,,,,,C,,,,,,,,,,,,,,,,
Lonzo,Lonzo Ball,Ball,,,3500,UTA@CHI,CHI,UTA,O,Knee,,,,PG,,,,,,,,,,,,,,,,
Harry,Harry Giles,Giles,,,3500,MIL@BKN,BKN,MIL,,,,,,PF/C,,,,,,,,,,,,,,,,
Trent,Trent Forrest,Forrest,1.5,1,3500,ATL@OKC,ATL,OKC,,,,,,SG,,,,,,,,,,,,,,,,
Lamar,Lamar Stevens,Stevens,6.900000095367430,2,3500,BOS@MIN,BOS,MIN,,,,,,PF,,,,,,,,,,,,,,,,
Lindy,Lindy Waters,Waters,0,3,3500,ATL@OKC,OKC,ATL,,,,,,SG,,,,,,,,,,,,,,,,
Cam,Cam Whitmore,Whitmore,0.20000000298023200,2,3500,SAC@HOU,HOU,SAC,,,,,,SF,,,,,,,,,,,,,,,,
Jett,Jett Howard,Howard,1.9666666984558100,3,3500,DAL@ORL,ORL,DAL,,,,,,SF,,,,,,,,,,,,,,,,
Brice,Brice Sensabaugh,Sensabaugh,2.4000000953674300,1,3500,UTA@CHI,UTA,CHI,,,,,,SF,,,,,,,,,,,,,,,,
