entry_id,contest_id,contest_name,PG,PG,SG,SG,SF,SF,PF,PF,C,,Instructions,,,,,,,,,,,,,,,,,
3216511591,95766-266667388,3-Player League ($5),95766-14523,95766-145348,95766-171760,95766-60233,95766-58153,95766-157851,95766-40199,95766-110995,95766-63122,,1) Edit your lineup by inserting any player from this list into their appropriate position columns,,,,,,,,,,,,,,,,,
,,,,,,,,,,,,,2) You can paste either the Player ID + Name OR ID from their respective columns,,,,,,,,,,,,,,,,,
,,,,,,,,,,,,,3) Any information to the right of the last position column will be ignored in the upload. Don't leave blank rows. Any entries after a blank row will not be edited,,,,,,,,,,,,,,,,,
,,,,,,,,,,,,,4) You can not use this form to create new entries,,,,,,,,,,,,,,,,,
,,,,,,,,,,,,,,,,,,,,,,,,,,,,,,
,,,,,,,,,,,,,Player ID + Player Name,Id,Position,First Name,Nickname,Last Name,FPPG,Played,Salary,Game,Team,Opponent,Injury Indicator,Injury Details,Tier,,,Roster Position
,,,,,,,,,,,,,95766-84669:Luka Doncic,95766-84669,PG,Luka,Luka Doncic,Doncic,58.46666463216150,6,12500,DAL@ORL,DAL,ORL,,,,,,PG
,,,,,,,,,,,,,95766-49111:Joel Embiid,95766-49111,C,Joel,Joel Embiid,Embiid,56.5,5,12000,WAS@PHI,PHI,WAS,,,,,,C
,,,,,,,,,,,,,95766-55062:Nikola Jokic,95766-55062,C,Nikola,Nikola Jokic,Jokic,55.471426827567000,7,11800,NO@DEN,DEN,NO,,,,,,C
,,,,,,,,,,,,,95766-15755:Anthony Davis,95766-15755,PF/C,Anthony,Anthony Davis,Davis,59.68333435058590,6,11600,LAL@MIA,LAL,MIA,,,,,,PF/C
,,,,,,,,,,,,,95766-84680:Shai Gilgeous-Alexander,95766-84680,PG,Shai,Shai Gilgeous-Alexander,Gilgeous-Alexander,49.86000061035160,5,11000,ATL@OKC,OKC,ATL,O,Knee,,,,PG
,,,,,,,,,,,,,95766-80808:Jayson Tatum,95766-80808,PF/SF,Jayson,Jayson Tatum,Tatum,46.620001220703100,5,10400,BOS@MIN,BOS,MIN,,,,,,SF/PF
,,,,,,,,,,,,,95766-40199:Giannis Antetokounmpo,95766-40199,PF,Giannis,Giannis Antetokounmpo,Antetokounmpo,40.47999877929690,5,10300,MIL@BKN,MIL,BKN,,,,,,PF
,,,,,,,,,,,,,95766-9488:LeBron James,95766-9488,SF/PF,LeBron,LeBron James,James,48.333333333333300,6,10200,LAL@MIA,LAL,MIA,,,,,,SF/PF
,,,,,,,,,,,,,95766-59358:Domantas Sabonis,95766-59358,C/PF,Domantas,Domantas Sabonis,Sabonis,46.33999938964840,5,9900,SAC@HOU,SAC,HOU,,,,,,PF/C
,,,,,,,,,,,,,95766-145337:Tyrese Haliburton,95766-145337,PG,Tyrese,Tyrese Haliburton,Haliburton,49.4,5,9800,SA@IND,IND,SA,,,,,,PG
,,,,,,,,,,,,,95766-9524:Stephen Curry,95766-9524,PG,Stephen,Stephen Curry,Curry,43.17143031529020,7,9700,GS@DET,GS,DET,,,,,,PG
,,,,,,,,,,,,,95766-80810:De'Aaron Fox,95766-80810,PG,De'Aaron,De'Aaron Fox,Fox,48.866668701171900,3,9100,SAC@HOU,SAC,HOU,O,Ankle,,,,PG
,,,,,,,,,,,,,95766-9644:James Harden,95766-9644,SG/PG,James,James Harden,Harden,45.75217249773550,69,8900,LAC@NY,LAC,NY,,,,,,PG/SG
,,,,,,,,,,,,,95766-84671:Trae Young,95766-84671,PG,Trae,Trae Young,Young,41.03333282470700,6,8800,ATL@OKC,ATL,OKC,,,,,,PG
,,,,,,,,,,,,,95766-145321:Anthony Edwards,95766-145321,SG/SF,Anthony,Anthony Edwards,Edwards,38.83999938964840,5,8800,BOS@MIN,MIN,BOS,,,,,,SG/SF
,,,,,,,,,,,,,95766-14498:Kyrie Irving,95766-14498,PG/SG,Kyrie,Kyrie Irving,Irving,39.525001525878900,4,8700,DAL@ORL,DAL,ORL,,,,,,PG/SG
,,,,,,,,,,,,,95766-20848:Damian Lillard,95766-20848,PG,Damian,Damian Lillard,Lillard,35.220001220703100,5,8700,MIL@BKN,MIL,BKN,,,,,,PG
,,,,,,,,,,,,,95766-145331:Tyrese Maxey,95766-145331,PG,Tyrese,Tyrese Maxey,Maxey,44.539999389648400,5,8600,WAS@PHI,PHI,WAS,,,,,,PG
,,,,,,,,,,,,,95766-12341:Paul George,95766-12341,SG/SF,Paul,Paul George,George,45.16000061035160,5,8500,LAC@NY,LAC,NY,,,,,,SG/SF
,,,,,,,,,,,,,95766-188414:Victor Wembanyama,95766-188414,PF/C,Victor,Victor Wembanyama,Wembanyama,41.46666717529300,6,8500,SA@IND,SA,IND,,,,,,PF/C
,,,,,,,,,,,,,95766-14528:Jimmy Butler,95766-14528,SF/PF,Jimmy,Jimmy Butler,Butler,35.039999389648400,5,8400,LAL@MIA,MIA,LAL,GTD,Knee,,,,SF/PF
,,,,,,,,,,,,,95766-80817:Bam Adebayo,95766-80817,C,Bam,Bam Adebayo,Adebayo,35.939999389648400,5,8400,LAL@MIA,MIA,LAL,,,,,,C
,,,,,,,,,,,,,95766-67708:Dejounte Murray,95766-67708,SG/PG,Dejounte,Dejounte Murray,Murray,38.550000508626300,6,8300,ATL@OKC,ATL,OKC,,,,,,PG/SG
,,,,,,,,,,,,,95766-63122:Kristaps Porzingis,95766-63122,C/PF,Kristaps,Kristaps Porzingis,Porzingis,35.939999389648400,5,8300,BOS@MIN,BOS,MIN,,,,,,PF/C
,,,,,,,,,,,,,95766-80812:Lauri Markkanen,95766-80812,PF/SF,Lauri,Lauri Markkanen,Markkanen,39.57142857142860,7,8300,UTA@CHI,UTA,CHI,,,,,,SF/PF
,,,,,,,,,,,,,95766-58462:Karl-Anthony Towns,95766-58462,PF/C,Karl-Anthony,Karl-Anthony Towns,Towns,37.7,5,8200,BOS@MIN,MIN,BOS,,,,,,PF/C
,,,,,,,,,,,,,95766-14513:Kawhi Leonard,95766-14513,SF/PF,Kawhi,Kawhi Leonard,Leonard,41.13999938964840,5,8200,LAC@NY,LAC,NY,,,,,,SF/PF
,,,,,,,,,,,,,95766-84690:Jalen Brunson,95766-84690,PG,Jalen,Jalen Brunson,Brunson,36.46666717529300,6,8200,LAC@NY,NY,LAC,,,,,,PG
,,,,,,,,,,,,,95766-157908:Alperen Sengun,95766-157908,C,Alperen,Alperen Sengun,Sengun,39.320001220703100,5,8100,SAC@HOU,HOU,SAC,,,,,,C
,,,,,,,,,,,,,95766-66048:Brandon Ingram,95766-66048,SF,Brandon,Brandon Ingram,Ingram,35.06666564941410,3,8100,NO@DEN,NO,DEN,,,,,,SF
,,,,,,,,,,,,,95766-24247:Fred VanVleet,95766-24247,PG,Fred,Fred VanVleet,VanVleet,36.320001220703100,5,8100,SAC@HOU,HOU,SAC,,,,,,PG
,,,,,,,,,,,,,95766-110312:Tyler Herro,95766-110312,SG,Tyler,Tyler Herro,Herro,41.300000508626300,6,8100,LAL@MIA,MIA,LAL,,,,,,SG
,,,,,,,,,,,,,95766-157808:Cade Cunningham,95766-157808,PG/SG,Cade,Cade Cunningham,Cunningham,34.67142813546320,7,8000,GS@DET,DET,GS,,,,,,PG/SG
,,,,,,,,,,,,,95766-110310:Zion Williamson,95766-110310,PF,Zion,Zion Williamson,Williamson,34.97999877929690,5,8000,NO@DEN,NO,DEN,,,,,,PF
,,,,,,,,,,,,,95766-171759:Chet Holmgren,95766-171759,C,Chet,Chet Holmgren,Holmgren,37.800000508626300,6,8000,ATL@OKC,OKC,ATL,,,,,,C
,,,,,,,,,,,,,95766-14514:Nikola Vucevic,95766-14514,C,Nikola,Nikola Vucevic,Vucevic,35.199999128069200,7,7900,UTA@CHI,CHI,UTA,,,,,,C
,,,,,,,,,,,,,95766-19067:CJ McCollum,95766-19067,PG/SG,CJ,CJ McCollum,McCollum,41.63333384195960,6,7900,NO@DEN,NO,DEN,O,Chest,,,,PG/SG
,,,,,,,,,,,,,95766-171770:Paolo Banchero,95766-171770,PF/SF,Paolo,Paolo Banchero,Banchero,36.98333231608070,6,7900,DAL@ORL,ORL,DAL,,,,,,SF/PF
,,,,,,,,,,,,,95766-67026:Jaylen Brown,95766-67026,SF/SG,Jaylen,Jaylen Brown,Brown,36.5,5,7800,BOS@MIN,BOS,MIN,,,,,,SG/SF
,,,,,,,,,,,,,95766-42669:Julius Randle,95766-42669,PF,Julius,Julius Randle,Randle,34.3500010172526,6,7800,LAC@NY,NY,LAC,,,,,,PF
,,,,,,,,,,,,,95766-58377:Kyle Kuzma,95766-58377,SF/PF,Kyle,Kyle Kuzma,Kuzma,35.42000122070310,5,7700,WAS@PHI,WAS,PHI,,,,,,SF/PF
,,,,,,,,,,,,,95766-157905:Josh Giddey,95766-157905,SG/PG,Josh,Josh Giddey,Giddey,26.666666666666700,6,7700,ATL@OKC,OKC,ATL,,,,,,PG/SG
,,,,,,,,,,,,,95766-40203:Rudy Gobert,95766-40203,C,Rudy,Rudy Gobert,Gobert,36.97999877929690,5,7700,BOS@MIN,MIN,BOS,,,,,,C
,,,,,,,,,,,,,95766-66108:Jamal Murray,95766-66108,PG,Jamal,Jamal Murray,Murray,31.228572300502200,7,7600,NO@DEN,DEN,NO,O,Hamstring,,,,PG
,,,,,,,,,,,,,95766-84670:Mikal Bridges,95766-84670,SG/SF,Mikal,Mikal Bridges,Bridges,34.6499989827474,6,7600,MIL@BKN,BKN,MIL,,,,,,SG/SF
,,,,,,,,,,,,,95766-58253:Myles Turner,95766-58253,C,Myles,Myles Turner,Turner,34.199999491373700,6,7600,SA@IND,IND,SA,,,,,,C
,,,,,,,,,,,,,95766-9642:Russell Westbrook,95766-9642,PG,Russell,Russell Westbrook,Westbrook,39.66000061035160,5,7500,LAC@NY,LAC,NY,,,,,,PG
,,,,,,,,,,,,,95766-9714:DeMar DeRozan,95766-9714,SF,DeMar,DeMar DeRozan,DeRozan,35.88571384974890,7,7500,UTA@CHI,CHI,UTA,,,,,,SF
,,,,,,,,,,,,,95766-171779:Jalen Duren,95766-171779,C,Jalen,Jalen Duren,Duren,36.050000508626300,6,7400,GS@DET,DET,GS,,,,,,C
,,,,,,,,,,,,,95766-110347:Keldon Johnson,95766-110347,PF/SF,Keldon,Keldon Johnson,Johnson,33.550000508626300,6,7400,SA@IND,SA,IND,,,,,,SF/PF
,,,,,,,,,,,,,95766-40783:Zach LaVine,95766-40783,SG,Zach,Zach LaVine,LaVine,31.385713849748900,7,7400,UTA@CHI,CHI,UTA,,,,,,SG
,,,,,,,,,,,,,95766-157851:Franz Wagner,95766-157851,SF/SG,Franz,Franz Wagner,Wagner,35.050000508626300,6,7300,DAL@ORL,ORL,DAL,,,,,,SG/SF
,,,,,,,,,,,,,95766-66115:Ben Simmons,95766-66115,PG/PF,Ben,Ben Simmons,Simmons,32.2,5,7300,MIL@BKN,BKN,MIL,,,,,,PG/PF
,,,,,,,,,,,,,95766-14518:Tobias Harris,95766-14518,PF/SF,Tobias,Tobias Harris,Harris,34.939999389648400,5,7200,WAS@PHI,PHI,WAS,,,,,,SF/PF
,,,,,,,,,,,,,95766-157838:Cam Thomas,95766-157838,SG/SF,Cam,Cam Thomas,Thomas,38.13333384195960,6,7100,MIL@BKN,BKN,MIL,,,,,,SG/SF
,,,,,,,,,,,,,95766-9663:Jrue Holiday,95766-9663,PG,Jrue,Jrue Holiday,Holiday,34,5,7000,BOS@MIN,BOS,MIN,,,,,,PG
,,,,,,,,,,,,,95766-171760:Jalen Williams,95766-171760,SF/SG,Jalen,Jalen Williams,Williams,29.883333841959600,6,7000,ATL@OKC,OKC,ATL,,,,,,SG/SF
,,,,,,,,,,,,,95766-110354:Nic Claxton,95766-110354,C,Nic,Nic Claxton,Claxton,30.399999618530300,1,7000,MIL@BKN,BKN,MIL,O,Ankle,,,,C
,,,,,,,,,,,,,95766-9623:Chris Paul,95766-9623,PG,Chris,Chris Paul,Paul,27.885713849748900,7,6900,GS@DET,GS,DET,,,,,,PG
,,,,,,,,,,,,,95766-58312:D'Angelo Russell,95766-58312,PG/SG,D'Angelo,D'Angelo Russell,Russell,32.38333384195960,6,6800,LAL@MIA,LAL,MIA,,,,,,PG/SG
,,,,,,,,,,,,,95766-14503:Jonas Valanciunas,95766-14503,C,Jonas,Jonas Valanciunas,Valanciunas,29.116666158040400,6,6700,NO@DEN,NO,DEN,,,,,,C
,,,,,,,,,,,,,95766-110322:Jordan Poole,95766-110322,PG/SG,Jordan,Jordan Poole,Poole,29.6,5,6700,WAS@PHI,WAS,PHI,,,,,,PG/SG
,,,,,,,,,,,,,95766-145324:Devin Vassell,95766-145324,SG,Devin,Devin Vassell,Vassell,28.779998779296900,5,6700,SA@IND,SA,IND,GTD,Groin,,,,SG
,,,,,,,,,,,,,95766-188426:Ausar Thompson,95766-188426,SG,Ausar,Ausar Thompson,Thompson,36.142857142857100,7,6600,GS@DET,DET,GS,,,,,,SG
,,,,,,,,,,,,,95766-15542:Spencer Dinwiddie,95766-15542,SG/PG,Spencer,Spencer Dinwiddie,Dinwiddie,24.060000610351600,5,6600,MIL@BKN,BKN,MIL,,,,,,PG/SG
,,,,,,,,,,,,,95766-80815:Zach Collins,95766-80815,PF/C,Zach,Zach Collins,Collins,32.53333282470700,6,6600,SA@IND,SA,IND,,,,,,PF/C
,,,,,,,,,,,,,95766-157907:Jalen Green,95766-157907,SG/PG,Jalen,Jalen Green,Green,26.339999389648400,5,6500,SAC@HOU,HOU,SAC,,,,,,PG/SG
,,,,,,,,,,,,,95766-171787:Keegan Murray,95766-171787,SF/PF,Keegan,Keegan Murray,Murray,29.339999389648400,5,6500,SAC@HOU,SAC,HOU,,,,,,SF/PF
,,,,,,,,,,,,,95766-15860:Draymond Green,95766-15860,PF/C,Draymond,Draymond Green,Green,29.639999389648400,5,6400,GS@DET,GS,DET,,,,,,PF/C
,,,,,,,,,,,,,95766-66236:John Collins,95766-66236,PF/C,John,John Collins,Collins,29.771427699497800,7,6300,UTA@CHI,UTA,CHI,,,,,,PF/C
,,,,,,,,,,,,,95766-84682:Michael Porter,95766-84682,SF,Michael,Michael Porter,Porter,30.642857142857100,7,6300,NO@DEN,DEN,NO,,,,,,SF
,,,,,,,,,,,,,95766-20640:Jordan Clarkson,95766-20640,PG/SG,Jordan,Jordan Clarkson,Clarkson,25.08571515764510,7,6200,UTA@CHI,UTA,CHI,,,,,,PG/SG
,,,,,,,,,,,,,95766-84709:Mitchell Robinson,95766-84709,C,Mitchell,Mitchell Robinson,Robinson,27.816665649414100,6,6200,LAC@NY,NY,LAC,,,,,,C
,,,,,,,,,,,,,95766-171767:Jabari Smith,95766-171767,PF,Jabari,Jabari Smith,Smith,29.160000610351600,5,6200,SAC@HOU,HOU,SAC,,,,,,PF
,,,,,,,,,,,,,95766-110357:RJ Barrett,95766-110357,SF,RJ,RJ Barrett,Barrett,28.350000381469700,4,6200,LAC@NY,NY,LAC,GTD,Knee,,,,SF
,,,,,,,,,,,,,95766-157833:Jalen Johnson,95766-157833,SF/PF,Jalen,Jalen Johnson,Johnson,30.833333333333300,6,6100,ATL@OKC,ATL,OKC,,,,,,SF/PF
,,,,,,,,,,,,,95766-171749:Jeremy Sochan,95766-171749,PG/PF,Jeremy,Jeremy Sochan,Sochan,25.51666768391930,6,6100,SA@IND,SA,IND,,,,,,PG/PF
,,,,,,,,,,,,,95766-55059:Clint Capela,95766-55059,C,Clint,Clint Capela,Capela,29.53333282470700,6,6100,ATL@OKC,ATL,OKC,,,,,,C
,,,,,,,,,,,,,95766-58153:Kelly Oubre,95766-58153,SF/SG,Kelly,Kelly Oubre,Oubre,31,5,6100,WAS@PHI,PHI,WAS,,,,,,SG/SF
,,,,,,,,,,,,,95766-158136:Austin Reaves,95766-158136,SF/SG,Austin,Austin Reaves,Reaves,24.5500005086263,6,6000,LAL@MIA,LAL,MIA,,,,,,SG/SF
,,,,,,,,,,,,,95766-41594:Aaron Gordon,95766-41594,PF,Aaron,Aaron Gordon,Gordon,31.24285670689170,7,6000,NO@DEN,DEN,NO,,,,,,PF
,,,,,,,,,,,,,95766-58081:Tyus Jones,95766-58081,PG,Tyus,Tyus Jones,Jones,24.039999389648400,5,6000,WAS@PHI,WAS,PHI,,,,,,PG
,,,,,,,,,,,,,95766-110337:Talen Horton-Tucker,95766-110337,SG/SF,Talen,Talen Horton-Tucker,Horton-Tucker,26.614286150251100,7,6000,UTA@CHI,UTA,CHI,,,,,,SG/SF
,,,,,,,,,,,,,95766-145304:Onyeka Okongwu,95766-145304,C,Onyeka,Onyeka Okongwu,Okongwu,24.066665649414100,6,6000,ATL@OKC,ATL,OKC,,,,,,C
,,,,,,,,,,,,,95766-145539:Deni Avdija,95766-145539,SF/PF,Deni,Deni Avdija,Avdija,27.360000610351600,5,5900,WAS@PHI,WAS,PHI,GTD,Ankle,,,,SF/PF
,,,,,,,,,,,,,95766-157850:Jalen Suggs,95766-157850,SG/PG,Jalen,Jalen Suggs,Suggs,26.350001017252600,6,5900,DAL@ORL,ORL,DAL,,,,,,PG/SG
,,,,,,,,,,,,,95766-9621:Brook Lopez,95766-9621,C,Brook,Brook Lopez,Lopez,25.2,5,5900,MIL@BKN,MIL,BKN,,,,,,C
,,,,,,,,,,,,,95766-16261:Khris Middleton,95766-16261,SG/SF,Khris,Khris Middleton,Middleton,19.725000381469700,4,5900,MIL@BKN,MIL,BKN,,,,,,SG/SF
,,,,,,,,,,,,,95766-157848:Herbert Jones,95766-157848,SG/SF,Herbert,Herbert Jones,Jones,27.166666666666700,6,5800,NO@DEN,NO,DEN,,,,,,SG/SF
,,,,,,,,,,,,,95766-49675:Derrick White,95766-49675,PG/SG,Derrick,Derrick White,White,32.67499923706060,4,5800,BOS@MIN,BOS,MIN,GTD,Personal,,,,PG/SG
,,,,,,,,,,,,,95766-171777:Walker Kessler,95766-171777,C,Walker,Walker Kessler,Kessler,20.514286586216500,7,5800,UTA@CHI,UTA,CHI,,,,,,C
,,,,,,,,,,,,,95766-110338:De'Andre Hunter,95766-110338,SF/PF,De'Andre,De'Andre Hunter,Hunter,26.71666717529300,6,5800,ATL@OKC,ATL,OKC,,,,,,SF/PF
,,,,,,,,,,,,,95766-80805:Markelle Fultz,95766-80805,PG,Markelle,Markelle Fultz,Fultz,25.875,4,5800,DAL@ORL,ORL,DAL,GTD,Knee,,,,PG
,,,,,,,,,,,,,95766-145327:Cole Anthony,95766-145327,PG/SG,Cole,Cole Anthony,Anthony,26.383333841959600,6,5800,DAL@ORL,ORL,DAL,,,,,,PG/SG
,,,,,,,,,,,,,95766-70827:Ivica Zubac,95766-70827,C,Ivica,Ivica Zubac,Zubac,25.1,5,5700,LAC@NY,LAC,NY,,,,,,C
,,,,,,,,,,,,,95766-110316:Cameron Johnson,95766-110316,SF/PF,Cameron,Cameron Johnson,Johnson,26.5,1,5700,MIL@BKN,BKN,MIL,O,Calf,,,,SF/PF
,,,,,,,,,,,,,95766-60233:Dillon Brooks,95766-60233,SG/SF,Dillon,Dillon Brooks,Brooks,29.079998779296900,5,5700,SAC@HOU,HOU,SAC,,,,,,SG/SF
,,,,,,,,,,,,,95766-145323:Tre Jones,95766-145323,PG,Tre,Tre Jones,Jones,25.01666768391930,6,5700,SA@IND,SA,IND,,,,,,PG
,,,,,,,,,,,,,95766-188425:Dereck Lively,95766-188425,C,Dereck,Dereck Lively,Lively,24.8000005086263,6,5600,DAL@ORL,DAL,ORL,,,,,,C
,,,,,,,,,,,,,95766-23716:Kyle Anderson,95766-23716,SF/PF,Kyle,Kyle Anderson,Anderson,24.960000610351600,5,5600,BOS@MIN,MIN,BOS,,,,,,SF/PF
,,,,,,,,,,,,,95766-111273:Luguentz Dort,95766-111273,SF/SG,Luguentz,Luguentz Dort,Dort,24.933334350585900,6,5600,ATL@OKC,OKC,ATL,,,,,,SG/SF
,,,,,,,,,,,,,95766-145307:Isaiah Stewart,95766-145307,C/PF,Isaiah,Isaiah Stewart,Stewart,22.728572300502200,7,5600,GS@DET,DET,GS,,,,,,PF/C
,,,,,,,,,,,,,95766-145348:Immanuel Quickley,95766-145348,SG/PG,Immanuel,Immanuel Quickley,Quickley,24.833333333333300,6,5600,LAC@NY,NY,LAC,,,,,,PG/SG
,,,,,,,,,,,,,95766-110995:Naz Reid,95766-110995,C/PF,Naz,Naz Reid,Reid,23.719999694824200,5,5500,BOS@MIN,MIN,BOS,,,,,,PF/C
,,,,,,,,,,,,,95766-15846:Tim Hardaway,95766-15846,SG/SF,Tim,Tim Hardaway,Hardaway,25.100001017252600,6,5500,DAL@ORL,DAL,ORL,,,,,,SG/SF
,,,,,,,,,,,,,95766-80816:Malik Monk,95766-80816,SG/PG,Malik,Malik Monk,Monk,26.73999938964840,5,5500,SAC@HOU,SAC,HOU,,,,,,PG/SG
,,,,,,,,,,,,,95766-145489:Killian Hayes,95766-145489,PG,Killian,Killian Hayes,Hayes,22.971429007394000,7,5400,GS@DET,DET,GS,,,,,,PG
,,,,,,,,,,,,,95766-42156:Bobby Portis,95766-42156,PF/C,Bobby,Bobby Portis,Portis,22.73999938964840,5,5400,MIL@BKN,MIL,BKN,,,,,,PF/C
,,,,,,,,,,,,,95766-14509:Klay Thompson,95766-14509,SG,Klay,Klay Thompson,Thompson,25.399998982747400,6,5400,GS@DET,GS,DET,,,,,,SG
,,,,,,,,,,,,,95766-84704:Kevin Huerter,95766-84704,SG/SF,Kevin,Kevin Huerter,Huerter,19.58000030517580,5,5400,SAC@HOU,SAC,HOU,,,,,,SG/SF
,,,,,,,,,,,,,95766-110325:Daniel Gafford,95766-110325,C,Daniel,Daniel Gafford,Gafford,20.566666920979800,3,5400,WAS@PHI,WAS,PHI,GTD,Ankle,,,,C
,,,,,,,,,,,,,95766-23665:Buddy Hield,95766-23665,SG/SF,Buddy,Buddy Hield,Hield,24.76666768391930,6,5300,SA@IND,IND,SA,,,,,,SG/SF
,,,,,,,,,,,,,95766-157812:Davion Mitchell,95766-157812,PG,Davion,Davion Mitchell,Mitchell,13.939999389648400,5,5300,SAC@HOU,SAC,HOU,,,,,,PG
,,,,,,,,,,,,,95766-58576:Kevon Looney,95766-58576,C,Kevon,Kevon Looney,Looney,25.114286150251100,7,5300,GS@DET,GS,DET,,,,,,C
,,,,,,,,,,,,,95766-9575:Mike Conley,95766-9575,PG,Mike,Mike Conley,Conley,24.539999389648400,5,5300,BOS@MIN,MIN,BOS,,,,,,PG
,,,,,,,,,,,,,95766-84694:Bruce Brown,95766-84694,SF,Bruce,Bruce Brown,Brown,22.183334350585900,6,5300,SA@IND,IND,SA,,,,,,SF
,,,,,,,,,,,,,95766-110318:Grant Williams,95766-110318,PF,Grant,Grant Williams,Williams,25.133333841959600,6,5300,DAL@ORL,DAL,ORL,,,,,,PF
,,,,,,,,,,,,,95766-42202:Christian Wood,95766-42202,PF/C,Christian,Christian Wood,Wood,20.616666158040400,6,5200,LAL@MIA,LAL,MIA,,,,,,PF/C
,,,,,,,,,,,,,95766-15946:Harrison Barnes,95766-15946,SF/PF,Harrison,Harrison Barnes,Barnes,22.76000061035160,5,5200,SAC@HOU,SAC,HOU,,,,,,SF/PF
,,,,,,,,,,,,,95766-84703:De'Anthony Melton,95766-84703,PG/SG,De'Anthony,De'Anthony Melton,Melton,22.539999389648400,5,5200,WAS@PHI,PHI,WAS,,,,,,PG/SG
,,,,,,,,,,,,,95766-16293:Norman Powell,95766-16293,SF/SG,Norman,Norman Powell,Powell,21.860000610351600,5,5200,LAC@NY,LAC,NY,,,,,,SG/SF
,,,,,,,,,,,,,95766-40562:Josh Hart,95766-40562,SG/SF,Josh,Josh Hart,Hart,20.0500005086263,6,5100,LAC@NY,NY,LAC,,,,,,SG/SF
,,,,,,,,,,,,,95766-171746:Bennedict Mathurin,95766-171746,SG/SF,Bennedict,Bennedict Mathurin,Mathurin,19.233333587646500,6,5100,SA@IND,IND,SA,,,,,,SG/SF
,,,,,,,,,,,,,95766-84714:Moritz Wagner,95766-84714,C,Moritz,Moritz Wagner,Wagner,18.71666717529300,6,5100,DAL@ORL,ORL,DAL,,,,,,C
,,,,,,,,,,,,,95766-145328:Saddiq Bey,95766-145328,SF,Saddiq,Saddiq Bey,Bey,23.51666768391930,6,5100,ATL@OKC,ATL,OKC,,,,,,SF
,,,,,,,,,,,,,95766-16376:Dorian Finney-Smith,95766-16376,SF/PF,Dorian,Dorian Finney-Smith,Finney-Smith,24.850001017252600,6,5100,MIL@BKN,BKN,MIL,,,,,,SF/PF
,,,,,,,,,,,,,95766-84679:Marvin Bagley,95766-84679,PF/C,Marvin,Marvin Bagley,Bagley,19.614286150251100,7,5000,GS@DET,DET,GS,,,,,,PF/C
,,,,,,,,,,,,,95766-110326:Coby White,95766-110326,PG,Coby,Coby White,White,21.214285714285700,7,5000,UTA@CHI,CHI,UTA,,,,,,PG
,,,,,,,,,,,,,95766-55060:Bogdan Bogdanovic,95766-55060,SF/SG,Bogdan,Bogdan Bogdanovic,Bogdanovic,24.666666666666700,6,5000,ATL@OKC,ATL,OKC,,,,,,SG/SF
,,,,,,,,,,,,,95766-49116:Andrew Wiggins,95766-49116,SF/PF,Andrew,Andrew Wiggins,Wiggins,16.528570992606000,7,5000,GS@DET,GS,DET,,,,,,SF/PF
,,,,,,,,,,,,,95766-188427:Marcus Sasser,95766-188427,PG,Marcus,Marcus Sasser,Sasser,19.028570992606000,7,4900,GS@DET,DET,GS,,,,,,PG
,,,,,,,,,,,,,95766-14510:Alec Burks,95766-14510,PG/SG,Alec,Alec Burks,Burks,25.274999618530300,4,4900,GS@DET,DET,GS,GTD,Forearm,,,,PG/SG
,,,,,,,,,,,,,95766-9453:Al Horford,95766-9453,C,Al,Al Horford,Horford,18.91999969482420,5,4900,BOS@MIN,BOS,MIN,,,,,,C
,,,,,,,,,,,,,95766-18338:Royce O'Neale,95766-18338,SF/PF,Royce,Royce O'Neale,O'Neale,23.083333333333300,6,4900,MIL@BKN,BKN,MIL,,,,,,SF/PF
,,,,,,,,,,,,,95766-145319:Jaden McDaniels,95766-145319,SF/PF,Jaden,Jaden McDaniels,McDaniels,18.633333841959600,3,4900,BOS@MIN,MIN,BOS,,,,,,SF/PF
,,,,,,,,,,,,,95766-9535:Kyle Lowry,95766-9535,PG,Kyle,Kyle Lowry,Lowry,21.46666717529300,6,4800,LAL@MIA,MIA,LAL,,,,,,PG
,,,,,,,,,,,,,95766-9874:Kevin Love,95766-9874,PF/C,Kevin,Kevin Love,Love,21.433334350585900,3,4800,LAL@MIA,MIA,LAL,,,,,,PF/C
,,,,,,,,,,,,,95766-84702:Lonnie Walker,95766-84702,SG/SF,Lonnie,Lonnie Walker,Walker,24.519999694824200,5,4800,MIL@BKN,BKN,MIL,GTD,Knee,,,,SG/SF
,,,,,,,,,,,,,95766-110359:Goga Bitadze,95766-110359,C,Goga,Goga Bitadze,Bitadze,14.824999809265100,4,4800,DAL@ORL,ORL,DAL,,,,,,C
,,,,,,,,,,,,,95766-40830:Delon Wright,95766-40830,PG,Delon,Delon Wright,Wright,19,5,4800,WAS@PHI,WAS,PHI,,,,,,PG
,,,,,,,,,,,,,95766-15590:Mason Plumlee,95766-15590,C,Mason,Mason Plumlee,Plumlee,16.139999389648400,5,4700,LAC@NY,LAC,NY,,,,,,C
,,,,,,,,,,,,,95766-171748:Malaki Branham,95766-171748,SF/SG,Malaki,Malaki Branham,Branham,14.316666920979800,6,4700,SA@IND,SA,IND,,,,,,SG/SF
,,,,,,,,,,,,,95766-145333:Aaron Nesmith,95766-145333,SF/PF,Aaron,Aaron Nesmith,Nesmith,21.366666158040400,6,4700,SA@IND,IND,SA,,,,,,SF/PF
,,,,,,,,,,,,,95766-188408:Anthony Black,95766-188408,PG,Anthony,Anthony Black,Black,13.725000381469700,4,4700,DAL@ORL,ORL,DAL,,,,,,PG
,,,,,,,,,,,,,95766-171747:Andrew Nembhard,95766-171747,SG/PG,Andrew,Andrew Nembhard,Nembhard,17,6,4600,SA@IND,IND,SA,,,,,,PG/SG
,,,,,,,,,,,,,95766-171780:Jaden Ivey,95766-171780,SG,Jaden,Jaden Ivey,Ivey,20.25,6,4600,GS@DET,DET,GS,GTD,Illness,,,,SG
,,,,,,,,,,,,,95766-55056:Dario Saric,95766-55056,PF/C,Dario,Dario Saric,Saric,20.457142421177500,7,4600,GS@DET,GS,DET,,,,,,PF/C
,,,,,,,,,,,,,95766-18393:T.J. McConnell,95766-18393,PG,T.J.,T.J. McConnell,McConnell,17.875,4,4600,SA@IND,IND,SA,,,,,,PG
,,,,,,,,,,,,,95766-22541:Kelly Olynyk,95766-22541,C/PF,Kelly,Kelly Olynyk,Olynyk,20.542857578822500,7,4500,UTA@CHI,UTA,CHI,,,,,,PF/C
,,,,,,,,,,,,,95766-157839:Day'Ron Sharpe,95766-157839,C,Day'Ron,Day'Ron Sharpe,Sharpe,16.016666412353500,6,4500,MIL@BKN,BKN,MIL,,,,,,C
,,,,,,,,,,,,,95766-15636:Kentavious Caldwell-Pope,95766-15636,SG,Kentavious,Kentavious Caldwell-Pope,Caldwell-Pope,20.714285714285700,7,4500,NO@DEN,DEN,NO,,,,,,SG
,,,,,,,,,,,,,95766-66064:Malik Beasley,95766-66064,SF/SG,Malik,Malik Beasley,Beasley,19.73999938964840,5,4500,MIL@BKN,MIL,BKN,,,,,,SG/SF
,,,,,,,,,,,,,95766-171744:Christian Braun,95766-171744,SG,Christian,Christian Braun,Braun,22.24285670689170,7,4500,NO@DEN,DEN,NO,,,,,,SG
,,,,,,,,,,,,,95766-110315:Terance Mann,95766-110315,PG/SG,Terance,Terance Mann,Mann,17.754651446675100,86,4500,LAC@NY,LAC,NY,O,Ankle,,,,PG/SG
,,,,,,,,,,,,,95766-145322:Jalen Smith,95766-145322,C,Jalen,Jalen Smith,Smith,21.8,5,4500,SA@IND,IND,SA,,,,,,C
,,,,,,,,,,,,,95766-145325:Josh Green,95766-145325,SG,Josh,Josh Green,Green,18.566666920979800,6,4500,DAL@ORL,DAL,ORL,,,,,,SG
,,,,,,,,,,,,,95766-188416:Bilal Coulibaly,95766-188416,SF,Bilal,Bilal Coulibaly,Coulibaly,16.23999938964840,5,4400,WAS@PHI,WAS,PHI,,,,,,SF
,,,,,,,,,,,,,95766-23572:Taurean Prince,95766-23572,SF/PF,Taurean,Taurean Prince,Prince,16.299999237060500,4,4400,LAL@MIA,LAL,MIA,,,,,,SF/PF
,,,,,,,,,,,,,95766-15557:Andre Drummond,95766-15557,C,Andre,Andre Drummond,Drummond,16.157142639160200,7,4400,UTA@CHI,CHI,UTA,,,,,,C
,,,,,,,,,,,,,95766-157904:Jonathan Kuminga,95766-157904,SF,Jonathan,Jonathan Kuminga,Kuminga,19.633333841959600,6,4400,GS@DET,GS,DET,,,,,,SF
,,,,,,,,,,,,,95766-23981:Alex Caruso,95766-23981,PG/SG,Alex,Alex Caruso,Caruso,19.928571428571400,7,4400,UTA@CHI,CHI,UTA,GTD,Elbow,,,,PG/SG
,,,,,,,,,,,,,95766-171784:Dyson Daniels,95766-171784,PG,Dyson,Dyson Daniels,Daniels,20.733333587646500,6,4400,NO@DEN,NO,DEN,,,,,,PG
,,,,,,,,,,,,,95766-80825:Isaiah Hartenstein,95766-80825,PF/C,Isaiah,Isaiah Hartenstein,Hartenstein,16.383333841959600,6,4400,LAC@NY,NY,LAC,,,,,,PF/C
,,,,,,,,,,,,,95766-157819:Corey Kispert,95766-157819,SF,Corey,Corey Kispert,Kispert,13.875,4,4300,WAS@PHI,WAS,PHI,GTD,Ankle,,,,SF
,,,,,,,,,,,,,95766-66968:Derrick Jones,95766-66968,SF,Derrick,Derrick Jones,Jones,13.233333587646500,6,4300,DAL@ORL,DAL,ORL,,,,,,SF
,,,,,,,,,,,,,95766-113267:Caleb Martin,95766-113267,SF/PF,Caleb,Caleb Martin,Martin,10.100000381469700,1,4300,LAL@MIA,MIA,LAL,O,Knee,,,,SF/PF
,,,,,,,,,,,,,95766-158373:Jose Alvarado,95766-158373,PG,Jose,Jose Alvarado,Alvarado,18.822950019211100,61,4300,NO@DEN,NO,DEN,O,Ankle,,,,PG
,,,,,,,,,,,,,95766-84681:Donte DiVincenzo,95766-84681,SG/SF,Donte,Donte DiVincenzo,DiVincenzo,15.566666920979800,6,4300,LAC@NY,NY,LAC,,,,,,SG/SF
,,,,,,,,,,,,,95766-67312:Thomas Bryant,95766-67312,C,Thomas,Thomas Bryant,Bryant,15.449999491373700,6,4300,LAL@MIA,MIA,LAL,,,,,,C
,,,,,,,,,,,,,95766-16233:Josh Richardson,95766-16233,SF/SG,Josh,Josh Richardson,Richardson,15.59999974568690,3,4300,LAL@MIA,MIA,LAL,,,,,,SG/SF
,,,,,,,,,,,,,95766-145339:Obi Toppin,95766-145339,PF,Obi,Obi Toppin,Toppin,16.28333282470700,6,4300,SA@IND,IND,SA,,,,,,PF
,,,,,,,,,,,,,95766-188421:Jordan Hawkins,95766-188421,SG,Jordan,Jordan Hawkins,Hawkins,17.616666158040400,6,4200,NO@DEN,NO,DEN,,,,,,SG
,,,,,,,,,,,,,95766-20491:Robert Covington,95766-20491,PF/SF,Robert,Robert Covington,Covington,13.38000030517580,5,4200,WAS@PHI,PHI,WAS,,,,,,SF/PF
,,,,,,,,,,,,,95766-157827:Isaiah Jackson,95766-157827,PF,Isaiah,Isaiah Jackson,Jackson,15.949999809265100,2,4200,SA@IND,IND,SA,,,,,,PF
,,,,,,,,,,,,,95766-158854:Sam Hauser,95766-158854,SF,Sam,Sam Hauser,Hauser,13.5,5,4200,BOS@MIN,BOS,MIN,,,,,,SF
,,,,,,,,,,,,,95766-14523:Reggie Jackson,95766-14523,PG,Reggie,Reggie Jackson,Jackson,19.17142813546320,7,4200,NO@DEN,DEN,NO,,,,,,PG
,,,,,,,,,,,,,95766-84667:Collin Sexton,95766-84667,SG,Collin,Collin Sexton,Sexton,16.75714329310830,7,4200,UTA@CHI,UTA,CHI,,,,,,SG
,,,,,,,,,,,,,95766-145308:Patrick Williams,95766-145308,SF/PF,Patrick,Patrick Williams,Williams,16.042857578822500,7,4200,UTA@CHI,CHI,UTA,GTD,Finger,,,,SF/PF
,,,,,,,,,,,,,95766-80811:Jonathan Isaac,95766-80811,SF/PF,Jonathan,Jonathan Isaac,Isaac,11.680000305175800,5,4200,DAL@ORL,ORL,DAL,,,,,,SF/PF
,,,,,,,,,,,,,95766-188415:Cason Wallace,95766-188415,SG,Cason,Cason Wallace,Wallace,13.833333333333300,6,4200,ATL@OKC,OKC,ATL,,,,,,SG
,,,,,,,,,,,,,95766-58461:Trey Lyles,95766-58461,PF,Trey,Trey Lyles,Lyles,15.253086419753100,81,4100,SAC@HOU,SAC,HOU,O,Calf,,,,PF
,,,,,,,,,,,,,95766-157834:Bones Hyland,95766-157834,PG,Bones,Bones Hyland,Hyland,19.339999389648400,5,4100,LAC@NY,LAC,NY,,,,,,PG
,,,,,,,,,,,,,95766-85137:Duncan Robinson,95766-85137,SG/SF,Duncan,Duncan Robinson,Robinson,16.9499994913737,6,4100,LAL@MIA,MIA,LAL,GTD,Wrist,,,,SG/SF
,,,,,,,,,,,,,95766-15800:Jae Crowder,95766-15800,PF/SF,Jae,Jae Crowder,Crowder,20.360000610351600,5,4100,MIL@BKN,MIL,BKN,,,,,,SF/PF
,,,,,,,,,,,,,95766-171665:Orlando Robinson,95766-171665,C,Orlando,Orlando Robinson,Robinson,17.049999237060500,2,4100,LAL@MIA,MIA,LAL,,,,,,C
,,,,,,,,,,,,,95766-171769:Tari Eason,95766-171769,SF,Tari,Tari Eason,Eason,22.13658477038870,82,4100,SAC@HOU,HOU,SAC,GTD,Lower leg,,,,SF
,,,,,,,,,,,,,95766-110339:Cam Reddish,95766-110339,SG/SF,Cam,Cam Reddish,Reddish,10.5,6,4100,LAL@MIA,LAL,MIA,,,,,,SG/SF
,,,,,,,,,,,,,95766-145329:Paul Reed,95766-145329,C,Paul,Paul Reed,Reed,12.15999984741210,5,4100,WAS@PHI,PHI,WAS,,,,,,C
,,,,,,,,,,,,,95766-188422:Jaime Jaquez,95766-188422,SF,Jaime,Jaime Jaquez,Jaquez,14.766666412353500,6,4000,LAL@MIA,MIA,LAL,,,,,,SF
,,,,,,,,,,,,,95766-157802:Moses Moody,95766-157802,SG,Moses,Moses Moody,Moody,16.542857578822500,7,4000,GS@DET,GS,DET,,,,,,SG
,,,,,,,,,,,,,95766-58519:Gary Payton,95766-58519,SG,Gary,Gary Payton,Payton,16.914285932268400,7,4000,GS@DET,GS,DET,,,,,,SG
,,,,,,,,,,,,,95766-145576:Jae'Sean Tate,95766-145576,SF/PF,Jae'Sean,Jae'Sean Tate,Tate,17.7,5,4000,SAC@HOU,HOU,SAC,,,,,,SF/PF
,,,,,,,,,,,,,95766-12474:Patrick Beverley,95766-12474,PG,Patrick,Patrick Beverley,Beverley,12.11999969482420,5,4000,WAS@PHI,PHI,WAS,,,,,,PG
,,,,,,,,,,,,,95766-9637:Danilo Gallinari,95766-9637,SF/PF,Danilo,Danilo Gallinari,Gallinari,13.319999694824200,5,4000,WAS@PHI,WAS,PHI,,,,,,SF/PF
,,,,,,,,,,,,,95766-20992:Larry Nance,95766-20992,PF/C,Larry,Larry Nance,Nance,13,6,4000,NO@DEN,NO,DEN,,,,,,PF/C
,,,,,,,,,,,,,95766-9809:Nicolas Batum,95766-9809,SF/PF,Nicolas,Nicolas Batum,Batum,14.633333841959600,3,4000,WAS@PHI,PHI,WAS,,,,,,SF/PF
,,,,,,,,,,,,,95766-162411:Matt Ryan,95766-162411,SF,Matt,Matt Ryan,Ryan,14.016666412353500,6,4000,NO@DEN,NO,DEN,,,,,,SF
,,,,,,,,,,,,,95766-63126:Cedi Osman,95766-63126,SF/PF,Cedi,Cedi Osman,Osman,17.28333282470700,6,4000,SA@IND,SA,IND,,,,,,SF/PF
,,,,,,,,,,,,,95766-84724:Landry Shamet,95766-84724,SG,Landry,Landry Shamet,Shamet,9.699999809265140,2,4000,WAS@PHI,WAS,PHI,,,,,,SG
,,,,,,,,,,,,,95766-145305:Zeke Nnaji,95766-145305,PF/C,Zeke,Zeke Nnaji,Nnaji,9.914285932268420,7,4000,NO@DEN,DEN,NO,,,,,,PF/C
,,,,,,,,,,,,,95766-80814:Dennis Smith,95766-80814,PG,Dennis,Dennis Smith,Smith,11.44000015258790,5,4000,MIL@BKN,BKN,MIL,,,,,,PG
,,,,,,,,,,,,,95766-145335:Payton Pritchard,95766-145335,PG,Payton,Payton Pritchard,Pritchard,12.580000305175800,5,4000,BOS@MIN,BOS,MIN,,,,,,PG
,,,,,,,,,,,,,95766-145533:Kenyon Martin,95766-145533,SF/PF,Kenyon,Kenyon Martin,Martin,5.275000095367430,4,3900,WAS@PHI,PHI,WAS,,,,,,SF/PF
,,,,,,,,,,,,,95766-158856:Trendon Watford,95766-158856,PF,Trendon,Trendon Watford,Watford,14.600000381469700,2,3900,MIL@BKN,BKN,MIL,,,,,,PF
,,,,,,,,,,,,,95766-14512:Marcus Morris,95766-14512,PF/SF,Marcus,Marcus Morris,Morris,20.397058823529400,68,3900,WAS@PHI,PHI,WAS,,,,,,SF/PF
,,,,,,,,,,,,,95766-48567:Cameron Payne,95766-48567,PG/SG,Cameron,Cameron Payne,Payne,6.259999847412110,5,3900,MIL@BKN,MIL,BKN,,,,,,PG/SG
,,,,,,,,,,,,,95766-158137:Jock Landale,95766-158137,C,Jock,Jock Landale,Landale,10.866666158040400,3,3900,SAC@HOU,HOU,SAC,,,,,,C
,,,,,,,,,,,,,95766-15993:Pat Connaughton,95766-15993,SF/SG,Pat,Pat Connaughton,Connaughton,13.260000610351600,5,3900,MIL@BKN,MIL,BKN,,,,,,SG/SF
,,,,,,,,,,,,,95766-102025:Haywood Highsmith,95766-102025,SF,Haywood,Haywood Highsmith,Highsmith,13.899999618530300,2,3900,LAL@MIA,MIA,LAL,,,,,,SF
,,,,,,,,,,,,,95766-84691:Shake Milton,95766-84691,PG,Shake,Shake Milton,Milton,11.919999694824200,5,3900,BOS@MIN,MIN,BOS,,,,,,PG
,,,,,,,,,,,,,95766-81621:Maxi Kleber,95766-81621,PF/C,Maxi,Maxi Kleber,Kleber,12.199999809265100,4,3900,DAL@ORL,DAL,ORL,GTD,Toe,,,,PF/C
,,,,,,,,,,,,,95766-84696:Jevon Carter,95766-84696,PG/SG,Jevon,Jevon Carter,Carter,11.099999564034600,7,3900,UTA@CHI,CHI,UTA,,,,,,PG/SG
,,,,,,,,,,,,,95766-171761:Peyton Watson,95766-171761,SG,Peyton,Peyton Watson,Watson,14.242856706891700,7,3900,NO@DEN,DEN,NO,,,,,,SG
,,,,,,,,,,,,,95766-110356:Nickeil Alexander-Walker,95766-110356,SG/SF,Nickeil,Nickeil Alexander-Walker,Alexander-Walker,13.1,5,3900,BOS@MIN,MIN,BOS,,,,,,SG/SF
,,,,,,,,,,,,,95766-20277:Torrey Craig,95766-20277,SF,Torrey,Torrey Craig,Craig,16.74285670689170,7,3900,UTA@CHI,CHI,UTA,,,,,,SF
,,,,,,,,,,,,,95766-111492:Amir Coffey,95766-111492,SF/SG,Amir,Amir Coffey,Coffey,1.3999999364217100,3,3900,LAC@NY,LAC,NY,,,,,,SG/SF
,,,,,,,,,,,,,95766-145330:Isaiah Joe,95766-145330,PG,Isaiah,Isaiah Joe,Joe,15.116666158040400,6,3900,ATL@OKC,OKC,ATL,,,,,,PG
,,,,,,,,,,,,,95766-24544:Gary Harris,95766-24544,SG,Gary,Gary Harris,Harris,13.739999389648400,5,3900,DAL@ORL,ORL,DAL,O,Groin,,,,SG
,,,,,,,,,,,,,95766-188405:Amen Thompson,95766-188405,PG/SG,Amen,Amen Thompson,Thompson,12.550000190734900,4,3900,SAC@HOU,HOU,SAC,O,Ankle,,,,PG/SG
,,,,,,,,,,,,,95766-188412:Keyonte George,95766-188412,SG,Keyonte,Keyonte George,George,15.17142813546320,7,3900,UTA@CHI,UTA,CHI,,,,,,SG
,,,,,,,,,,,,,95766-188418:Kobe Brown,95766-188418,PF,Kobe,Kobe Brown,Brown,6.849999904632570,4,3800,LAC@NY,LAC,NY,,,,,,PF
,,,,,,,,,,,,,95766-188445:Jordan Miller,95766-188445,SF,Jordan,Jordan Miller,Miller,2.5,2,3800,LAC@NY,LAC,NY,,,,,,SF
,,,,,,,,,,,,,95766-188450:Trayce Jackson-Davis,95766-188450,PF,Trayce,Trayce Jackson-Davis,Jackson-Davis,17.433333079020200,3,3800,GS@DET,GS,DET,,,,,,PF
,,,,,,,,,,,,,95766-157805:Brandon Boston,95766-157805,SG,Brandon,Brandon Boston,Boston,9.695652173913040,23,3800,LAC@NY,LAC,NY,O,Quadriceps,,,,SG
,,,,,,,,,,,,,95766-41083:Luke Kornet,95766-41083,PF,Luke,Luke Kornet,Kornet,8.925000190734860,4,3800,BOS@MIN,BOS,MIN,,,,,,PF
,,,,,,,,,,,,,95766-157826:Quentin Grimes,95766-157826,SG/SF,Quentin,Quentin Grimes,Grimes,13.866666158040400,6,3800,LAC@NY,NY,LAC,,,,,,SG/SF
,,,,,,,,,,,,,95766-157828:Chris Duarte,95766-157828,SG/SF,Chris,Chris Duarte,Duarte,11.819999694824200,5,3800,SAC@HOU,SAC,HOU,,,,,,SG/SF
,,,,,,,,,,,,,95766-157829:Aaron Wiggins,95766-157829,SG,Aaron,Aaron Wiggins,Wiggins,8.259999847412110,5,3800,ATL@OKC,OKC,ATL,,,,,,SG
,,,,,,,,,,,,,95766-157849:Ayo Dosunmu,95766-157849,PG/SG,Ayo,Ayo Dosunmu,Dosunmu,9.54000015258789,5,3800,UTA@CHI,CHI,UTA,GTD,Illness,,,,PG/SG
,,,,,,,,,,,,,95766-23802:Kris Dunn,95766-23802,PG/SG,Kris,Kris Dunn,Dunn,10.549999872843400,6,3800,UTA@CHI,UTA,CHI,,,,,,PG/SG
,,,,,,,,,,,,,95766-17894:Mike Muscala,95766-17894,C,Mike,Mike Muscala,Muscala,9.050000190734860,4,3800,WAS@PHI,WAS,PHI,,,,,,C
,,,,,,,,,,,,,95766-117291:Armoni Brooks,95766-117291,SG,Armoni,Armoni Brooks,Brooks,9.699999809265140,2,3800,MIL@BKN,BKN,MIL,,,,,,SG
,,,,,,,,,,,,,95766-171752:AJ Griffin,95766-171752,SF,AJ,AJ Griffin,Griffin,5.4,5,3800,ATL@OKC,ATL,OKC,,,,,,SF
,,,,,,,,,,,,,95766-171758:Jaylin Williams,95766-171758,PF/C,Jaylin,Jaylin Williams,Williams,15.5,1,3800,ATL@OKC,OKC,ATL,,,,,,PF/C
,,,,,,,,,,,,,95766-171766:Johnny Davis,95766-171766,SG,Johnny,Johnny Davis,Davis,12.59999974568690,3,3800,WAS@PHI,WAS,PHI,,,,,,SG
,,,,,,,,,,,,,95766-171781:Ochai Agbaji,95766-171781,SG,Ochai,Ochai Agbaji,Agbaji,7.671428680419920,7,3800,UTA@CHI,UTA,CHI,,,,,,SG
,,,,,,,,,,,,,95766-110349:Rui Hachimura,95766-110349,PF/SF,Rui,Rui Hachimura,Hachimura,13.766666412353500,3,3800,LAL@MIA,LAL,MIA,O,Concussion,,,,SF/PF
,,,,,,,,,,,,,95766-171791:Jaden Hardy,95766-171791,SG,Jaden,Jaden Hardy,Hardy,12.774999618530300,4,3800,DAL@ORL,DAL,ORL,,,,,,SG
,,,,,,,,,,,,,95766-171792:Nikola Jovic,95766-171792,PF,Nikola,Nikola Jovic,Jovic,19,2,3800,LAL@MIA,MIA,LAL,,,,,,PF
,,,,,,,,,,,,,95766-161553:Dru Smith,95766-161553,SG,Dru,Dru Smith,Smith,14.866666158040400,3,3800,LAL@MIA,MIA,LAL,,,,,,SG
,,,,,,,,,,,,,95766-80829:Sasha Vezenkov,95766-80829,PF,Sasha,Sasha Vezenkov,Vezenkov,12.419999694824200,5,3800,SAC@HOU,SAC,HOU,,,,,,PF
,,,,,,,,,,,,,95766-159702:Eugene Omoruyi,95766-159702,SF,Eugene,Eugene Omoruyi,Omoruyi,13.25,4,3800,WAS@PHI,WAS,PHI,,,,,,SF
,,,,,,,,,,,,,95766-188433:Brandin Podziemski,95766-188433,SG,Brandin,Brandin Podziemski,Podziemski,11,2,3700,GS@DET,GS,DET,,,,,,SG
,,,,,,,,,,,,,95766-145538:Aleksej Pokusevski,95766-145538,PF/C,Aleksej,Aleksej Pokusevski,Pokusevski,1.5333333015441900,3,3700,ATL@OKC,OKC,ATL,,,,,,PF/C
,,,,,,,,,,,,,95766-157831:Tre Mann,95766-157831,PG,Tre,Tre Mann,Mann,6.266666412353520,3,3700,ATL@OKC,OKC,ATL,,,,,,PG
,,,,,,,,,,,,,95766-157842:Charles Bassey,95766-157842,C,Charles,Charles Bassey,Bassey,9.383333206176760,6,3700,SA@IND,SA,IND,,,,,,C
,,,,,,,,,,,,,95766-157840:Jaden Springer,95766-157840,PG,Jaden,Jaden Springer,Springer,7.224999904632570,4,3700,WAS@PHI,PHI,WAS,,,,,,PG
,,,,,,,,,,,,,95766-70826:Furkan Korkmaz,95766-70826,SF,Furkan,Furkan Korkmaz,Korkmaz,11.366666158040400,3,3700,WAS@PHI,PHI,WAS,,,,,,SF
,,,,,,,,,,,,,95766-15583:Seth Curry,95766-15583,PG/SG,Seth,Seth Curry,Curry,5.6400001525878900,5,3700,DAL@ORL,DAL,ORL,,,,,,PG/SG
,,,,,,,,,,,,,95766-15684:Victor Oladipo,95766-15684,SG,Victor,Victor Oladipo,Oladipo,21.944444444444400,45,3700,SAC@HOU,HOU,SAC,O,Knee,,,,SG
,,,,,,,,,,,,,95766-180555:Jamal Cain,95766-180555,SF,Jamal,Jamal Cain,Cain,11.600000381469700,2,3700,LAL@MIA,MIA,LAL,,,,,,SF
,,,,,,,,,,,,,95766-15691:Cody Zeller,95766-15691,C,Cody,Cody Zeller,Zeller,2,3,3700,NO@DEN,NO,DEN,,,,,,C
,,,,,,,,,,,,,95766-9739:JaVale McGee,95766-9739,C,JaVale,JaVale McGee,McGee,13.38000030517580,5,3700,SAC@HOU,SAC,HOU,,,,,,C
,,,,,,,,,,,,,95766-173747:Simone Fontecchio,95766-173747,SF,Simone,Simone Fontecchio,Fontecchio,7.55999984741211,5,3700,UTA@CHI,UTA,CHI,,,,,,SF
,,,,,,,,,,,,,95766-84668:Troy Brown,95766-84668,SF,Troy,Troy Brown,Brown,4.949999809265140,4,3700,BOS@MIN,MIN,BOS,,,,,,SF
,,,,,,,,,,,,,95766-110336:Chuma Okeke,95766-110336,PF,Chuma,Chuma Okeke,Okeke,2.8333333333333300,3,3700,DAL@ORL,ORL,DAL,,,,,,PF
,,,,,,,,,,,,,95766-171795:Ousmane Dieng,95766-171795,PF/SF,Ousmane,Ousmane Dieng,Dieng,8.483333587646480,6,3700,ATL@OKC,OKC,ATL,,,,,,SF/PF
,,,,,,,,,,,,,95766-16196:Dwight Powell,95766-16196,C,Dwight,Dwight Powell,Powell,14.060000610351600,5,3700,DAL@ORL,DAL,ORL,,,,,,C
,,,,,,,,,,,,,95766-23407:P.J. Tucker,95766-23407,PF,P.J.,P.J. Tucker,Tucker,10.449999809265100,4,3700,LAC@NY,LAC,NY,,,,,,PF
,,,,,,,,,,,,,95766-145313:Jordan Nwora,95766-145313,PF/SF,Jordan,Jordan Nwora,Nwora,9.199999809265140,2,3700,SA@IND,IND,SA,,,,,,SF/PF
,,,,,,,,,,,,,95766-188409:Jarace Walker,95766-188409,PF,Jarace,Jarace Walker,Walker,12.850000381469700,2,3700,SA@IND,IND,SA,GTD,Illness,,,,PF
,,,,,,,,,,,,,95766-188423:Julian Strawther,95766-188423,SF,Julian,Julian Strawther,Strawther,7.3599998474121100,5,3600,NO@DEN,DEN,NO,,,,,,SF
,,,,,,,,,,,,,95766-188448:Colby Jones,95766-188448,SG,Colby,Colby Jones,Jones,5.474999904632570,4,3600,SAC@HOU,SAC,HOU,,,,,,SG
,,,,,,,,,,,,,95766-188452:Leonard Miller,95766-188452,SF/PF,Leonard,Leonard Miller,Miller,1.2000000476837200,1,3600,BOS@MIN,MIN,BOS,,,,,,SF/PF
,,,,,,,,,,,,,95766-157821:Dalano Banton,95766-157821,PG,Dalano,Dalano Banton,Banton,12,2,3600,BOS@MIN,BOS,MIN,,,,,,PG
,,,,,,,,,,,,,95766-160963:Daishen Nix,95766-160963,PG,Daishen,Daishen Nix,Nix,2.5,2,3600,BOS@MIN,MIN,BOS,,,,,,PG
,,,,,,,,,,,,,95766-85305:Kenrich Williams,95766-85305,SF,Kenrich,Kenrich Williams,Williams,19.635848135318400,53,3600,ATL@OKC,OKC,ATL,O,Back,,,,SF
,,,,,,,,,,,,,95766-9648:Jeff Green,95766-9648,PF/SF,Jeff,Jeff Green,Green,10.55999984741210,5,3600,SAC@HOU,HOU,SAC,,,,,,SF/PF
,,,,,,,,,,,,,95766-163280:Olivier Sarr,95766-163280,C,Olivier,Olivier Sarr,Sarr,10.524999618530300,4,3600,ATL@OKC,OKC,ATL,,,,,,C
,,,,,,,,,,,,,95766-117283:Oshae Brissett,95766-117283,SF,Oshae,Oshae Brissett,Brissett,8.550000190734860,4,3600,BOS@MIN,BOS,MIN,GTD,Thumb,,,,SF
,,,,,,,,,,,,,95766-15947:Reggie Bullock,95766-15947,SG/SF,Reggie,Reggie Bullock,Bullock,4.333333333333330,3,3600,SAC@HOU,HOU,SAC,,,,,,SG/SF
,,,,,,,,,,,,,95766-85597:Jordan McLaughlin,95766-85597,PG,Jordan,Jordan McLaughlin,McLaughlin,3.375,4,3600,BOS@MIN,MIN,BOS,,,,,,PG
,,,,,,,,,,,,,95766-84706:Devonte' Graham,95766-84706,PG,Devonte',Devonte' Graham,Graham,15.197260608411800,73,3600,SA@IND,SA,IND,,,,,,PG
,,,,,,,,,,,,,95766-171751:Max Christie,95766-171751,SG,Max,Max Christie,Christie,7.533333460489910,3,3600,LAL@MIA,LAL,MIA,,,,,,SG
,,,,,,,,,,,,,95766-171772:Ryan Rollins,95766-171772,SG,Ryan,Ryan Rollins,Rollins,13.375,4,3600,WAS@PHI,WAS,PHI,,,,,,SG
,,,,,,,,,,,,,95766-23294:Danuel House,95766-23294,SF,Danuel,Danuel House,House,8.399999618530270,2,3600,WAS@PHI,PHI,WAS,,,,,,SF
,,,,,,,,,,,,,95766-110340:Jaxson Hayes,95766-110340,PF/C,Jaxson,Jaxson Hayes,Hayes,4.833333333333330,6,3600,LAL@MIA,LAL,MIA,GTD,Ankle,,,,PF/C
,,,,,,,,,,,,,95766-55055:Dante Exum,95766-55055,PG,Dante,Dante Exum,Exum,5.433333079020180,6,3600,DAL@ORL,DAL,ORL,,,,,,PG
,,,,,,,,,,,,,95766-171802:MarJon Beauchamp,95766-171802,SF,MarJon,MarJon Beauchamp,Beauchamp,10.850000381469700,4,3600,MIL@BKN,MIL,BKN,,,,,,SF
,,,,,,,,,,,,,95766-18256:Doug McDermott,95766-18256,PF/SF,Doug,Doug McDermott,McDermott,10.533333460489900,6,3600,SA@IND,SA,IND,,,,,,SF/PF
,,,,,,,,,,,,,95766-145316:Kira Lewis,95766-145316,PG,Kira,Kira Lewis,Lewis,9.700000127156580,6,3600,NO@DEN,NO,DEN,,,,,,PG
,,,,,,,,,,,,,95766-59318:Joe Ingles,95766-59318,SG/SF,Joe,Joe Ingles,Ingles,9.233333587646480,6,3600,DAL@ORL,ORL,DAL,,,,,,SG/SF
,,,,,,,,,,,,,95766-145347:James Wiseman,95766-145347,C,James,James Wiseman,Wiseman,6.900000095367430,1,3600,GS@DET,DET,GS,,,,,,C
,,,,,,,,,,,,,95766-145351:Omer Yurtseven,95766-145351,C,Omer,Omer Yurtseven,Yurtseven,6.1400001525878900,5,3600,UTA@CHI,UTA,CHI,,,,,,C
,,,,,,,,,,,,,95766-16363:Joe Harris,95766-16363,SG/SF,Joe,Joe Harris,Harris,6.342857360839840,7,3600,GS@DET,DET,GS,,,,,,SG/SF
,,,,,,,,,,,,,95766-188410:Ben Sheppard,95766-188410,SG,Ben,Ben Sheppard,Sheppard,5.699999809265140,2,3600,SA@IND,IND,SA,,,,,,SG
,,,,,,,,,,,,,95766-188411:Taylor Hendricks,95766-188411,PF,Taylor,Taylor Hendricks,Hendricks,2.200000047683720,1,3600,UTA@CHI,UTA,CHI,,,,,,PF
,,,,,,,,,,,,,95766-188417:Kobe Bufkin,95766-188417,SG,Kobe,Kobe Bufkin,Bufkin,1.7000000476837200,2,3500,ATL@OKC,ATL,OKC,O,Thumb,,,,SG
,,,,,,,,,,,,,95766-111622:Garrison Mathews,95766-111622,SF,Garrison,Garrison Mathews,Mathews,0,1,3500,ATL@OKC,ATL,OKC,,,,,,SF
,,,,,,,,,,,,,95766-188424:Olivier-Maxence Prosper,95766-188424,PF,Olivier-Maxence,Olivier-Maxence Prosper,Prosper,0,1,3500,DAL@ORL,DAL,ORL,,,,,,PF
,,,,,,,,,,,,,95766-101387:Gabe Vincent,95766-101387,PG/SG,Gabe,Gabe Vincent,Vincent,15.699999809265100,4,3500,LAL@MIA,LAL,MIA,O,Knee,,,,PG/SG
,,,,,,,,,,,,,95766-188430:Dariq Whitehead,95766-188430,SF,Dariq,Dariq Whitehead,Whitehead,,,3500,MIL@BKN,BKN,MIL,,,,,,SF
,,,,,,,,,,,,,95766-188431:Noah Clowney,95766-188431,PF,Noah,Noah Clowney,Clowney,,,3500,MIL@BKN,BKN,MIL,,,,,,PF
,,,,,,,,,,,,,95766-189456:Malcolm Cazalon,95766-189456,SG,Malcolm,Malcolm Cazalon,Cazalon,0,1,3500,GS@DET,DET,GS,,,,,,SG
,,,,,,,,,,,,,95766-188432:Jalen Hood-Schifino,95766-188432,SG,Jalen,Jalen Hood-Schifino,Hood-Schifino,,,3500,LAL@MIA,LAL,MIA,O,Knee,,,,SG
,,,,,,,,,,,,,95766-188442:Jalen Wilson,95766-188442,PF,Jalen,Jalen Wilson,Wilson,2.0999999046325700,2,3500,MIL@BKN,BKN,MIL,,,,,,PF
,,,,,,,,,,,,,95766-188446:Sidy Cissoko,95766-188446,SF,Sidy,Sidy Cissoko,Cissoko,,,3500,SA@IND,SA,IND,,,,,,SF
,,,,,,,,,,,,,95766-189468:Colin Castleton,95766-189468,C/PF,Colin,Colin Castleton,Castleton,3.200000047683720,1,3500,LAL@MIA,LAL,MIA,,,,,,PF/C
,,,,,,,,,,,,,95766-189469:D'Moi Hodge,95766-189469,SG,D'Moi,D'Moi Hodge,Hodge,0,1,3500,LAL@MIA,LAL,MIA,,,,,,SG
,,,,,,,,,,,,,95766-189475:Miles Norris,95766-189475,PF,Miles,Miles Norris,Norris,,,3500,ATL@OKC,ATL,OKC,,,,,,PF
,,,,,,,,,,,,,95766-188449:Jalen Slawson,95766-188449,SF,Jalen,Jalen Slawson,Slawson,,,3500,SAC@HOU,SAC,HOU,,,,,,SF
,,,,,,,,,,,,,95766-188454:Mouhamed Gueye,95766-188454,PF,Mouhamed,Mouhamed Gueye,Gueye,1.5,2,3500,ATL@OKC,ATL,OKC,,,,,,PF
,,,,,,,,,,,,,95766-188455:Seth Lundy,95766-188455,SF,Seth,Seth Lundy,Lundy,,,3500,ATL@OKC,ATL,OKC,,,,,,SF
,,,,,,,,,,,,,95766-188453:Jaylen Clark,95766-188453,SG,Jaylen,Jaylen Clark,Clark,,,3500,BOS@MIN,MIN,BOS,O,Achilles,,,,SG
,,,,,,,,,,,,,95766-188458:Jalen Pickett,95766-188458,SG,Jalen,Jalen Pickett,Pickett,3.133333206176760,3,3500,NO@DEN,DEN,NO,,,,,,SG
,,,,,,,,,,,,,95766-188459:Hunter Tyson,95766-188459,PF,Hunter,Hunter Tyson,Tyson,1.8666666348775200,3,3500,NO@DEN,DEN,NO,,,,,,PF
,,,,,,,,,,,,,95766-188457:Jordan Walsh,95766-188457,SF,Jordan,Jordan Walsh,Walsh,,,3500,BOS@MIN,BOS,MIN,,,,,,SF
,,,,,,,,,,,,,95766-188463:Julian Phillips,95766-188463,SF,Julian,Julian Phillips,Phillips,0,3,3500,UTA@CHI,CHI,UTA,,,,,,SF
,,,,,,,,,,,,,95766-188460:Isaiah Wong,95766-188460,SG,Isaiah,Isaiah Wong,Wong,,,3500,SA@IND,IND,SA,,,,,,SG
,,,,,,,,,,,,,95766-190515:Onuralp Bitim,95766-190515,SG,Onuralp,Onuralp Bitim,Bitim,0,1,3500,UTA@CHI,CHI,UTA,,,,,,SG
,,,,,,,,,,,,,95766-117808:Marques Bolden,95766-117808,PF,Marques,Marques Bolden,Bolden,,,3500,MIL@BKN,MIL,BKN,,,,,,PF
,,,,,,,,,,,,,95766-110640:Luka Samanic,95766-110640,PF,Luka,Luka Samanic,Samanic,5.533333460489910,3,3500,UTA@CHI,UTA,CHI,,,,,,PF
,,,,,,,,,,,,,95766-188464:Andre Jackson,95766-188464,SG,Andre,Andre Jackson,Jackson,9.5,2,3500,MIL@BKN,MIL,BKN,,,,,,SG
,,,,,,,,,,,,,95766-188465:Chris Livingston,95766-188465,SF,Chris,Chris Livingston,Livingston,6.5,1,3500,MIL@BKN,MIL,BKN,,,,,,SF
,,,,,,,,,,,,,95766-188470:Terquavion Smith,95766-188470,PG,Terquavion,Terquavion Smith,Smith,,,3500,WAS@PHI,PHI,WAS,,,,,,PG
,,,,,,,,,,,,,95766-188471:Ricky Council,95766-188471,SG,Ricky,Ricky Council,Council,,,3500,WAS@PHI,PHI,WAS,,,,,,SG
,,,,,,,,,,,,,95766-188468:Keyontae Johnson,95766-188468,SF,Keyontae,Keyontae Johnson,Johnson,0,1,3500,ATL@OKC,OKC,ATL,,,,,,SF
,,,,,,,,,,,,,95766-188469:Maxwell Lewis,95766-188469,SF,Maxwell,Maxwell Lewis,Lewis,-0.5,2,3500,LAL@MIA,LAL,MIA,,,,,,SF
,,,,,,,,,,,,,95766-188474:Jacob Toppin,95766-188474,SF,Jacob,Jacob Toppin,Toppin,,,3500,LAC@NY,NY,LAC,,,,,,SF
,,,,,,,,,,,,,95766-188475:Oscar Tshiebwe,95766-188475,PF,Oscar,Oscar Tshiebwe,Tshiebwe,,,3500,SA@IND,IND,SA,,,,,,PF
,,,,,,,,,,,,,95766-188478:Sir'Jabari Rice,95766-188478,PG,Sir'Jabari,Sir'Jabari Rice,Rice,,,3500,SA@IND,SA,IND,,,,,,PG
,,,,,,,,,,,,,95766-172098:Julian Champagnie,95766-172098,SF,Julian,Julian Champagnie,Champagnie,3.7999998728434200,3,3500,SA@IND,SA,IND,,,,,,SF
,,,,,,,,,,,,,95766-188480:Adama Sanogo,95766-188480,PF,Adama,Adama Sanogo,Sanogo,,,3500,UTA@CHI,CHI,UTA,,,,,,PF
,,,,,,,,,,,,,95766-145490:Trevelin Queen,95766-145490,PG,Trevelin,Trevelin Queen,Queen,9.200000217982700,7,3500,DAL@ORL,ORL,DAL,,,,,,PG
,,,,,,,,,,,,,95766-145491:Nathan Knight,95766-145491,PF,Nathan,Nathan Knight,Knight,6.214285714285710,42,3500,BOS@MIN,BOS,MIN,,,,,,PF
,,,,,,,,,,,,,95766-157803:Josh Christopher,95766-157803,SG,Josh,Josh Christopher,Christopher,10.167187690734900,64,3500,UTA@CHI,UTA,CHI,,,,,,SG
,,,,,,,,,,,,,95766-157801:Jared Butler,95766-157801,SG,Jared,Jared Butler,Butler,1.75,2,3500,WAS@PHI,WAS,PHI,,,,,,SG
,,,,,,,,,,,,,95766-157807:Luka Garza,95766-157807,C,Luka,Luka Garza,Garza,3.200000047683720,1,3500,BOS@MIN,MIN,BOS,,,,,,C
,,,,,,,,,,,,,95766-157804:Keon Johnson,95766-157804,SG,Keon,Keon Johnson,Johnson,9.05749969482422,40,3500,MIL@BKN,BKN,MIL,,,,,,SG
,,,,,,,,,,,,,95766-157810:Isaiah Livers,95766-157810,PF,Isaiah,Isaiah Livers,Livers,13.790384145883400,52,3500,GS@DET,DET,GS,O,Ankle,,,,PF
,,,,,,,,,,,,,95766-157811:Neemias Queta,95766-157811,C,Neemias,Neemias Queta,Queta,6.340000152587890,5,3500,BOS@MIN,BOS,MIN,GTD,Foot,,,,C
,,,,,,,,,,,,,95766-157813:Joshua Primo,95766-157813,SG/PG,Joshua,Joshua Primo,Primo,17.149999618530300,4,3500,LAC@NY,LAC,NY,,,,,,PG/SG
,,,,,,,,,,,,,95766-157823:Greg Brown,95766-157823,PF,Greg,Greg Brown,Brown,4.768750190734860,16,3500,DAL@ORL,DAL,ORL,,,,,,PF
,,,,,,,,,,,,,95766-157824:Miles McBride,95766-157824,PG,Miles,Miles McBride,McBride,4.925000190734860,4,3500,LAC@NY,NY,LAC,,,,,,PG
,,,,,,,,,,,,,95766-157825:Jericho Sims,95766-157825,C,Jericho,Jericho Sims,Sims,3.1500000953674300,2,3500,LAC@NY,NY,LAC,,,,,,C
,,,,,,,,,,,,,95766-157830:Jeremiah Robinson-Earl,95766-157830,C/PF,Jeremiah,Jeremiah Robinson-Earl,Robinson-Earl,15.061363913796200,44,3500,NO@DEN,NO,DEN,,,,,,PF/C
,,,,,,,,,,,,,95766-145541:R.J. Hampton,95766-145541,PG/SG,R.J.,R.J. Hampton,Hampton,0,1,3500,LAL@MIA,MIA,LAL,GTD,Illness,,,,PG/SG
,,,,,,,,,,,,,95766-157835:Kessler Edwards,95766-157835,SF,Kessler,Kessler Edwards,Edwards,0,3,3500,SAC@HOU,SAC,HOU,,,,,,SF
,,,,,,,,,,,,,95766-145548:Anthony Gill,95766-145548,PF,Anthony,Anthony Gill,Gill,8.166666666666670,3,3500,WAS@PHI,WAS,PHI,,,,,,PF
,,,,,,,,,,,,,95766-157841:Filip Petrusev,95766-157841,C,Filip,Filip Petrusev,Petrusev,1.2000000476837200,1,3500,SAC@HOU,SAC,HOU,,,,,,C
,,,,,,,,,,,,,95766-157846:Sandro Mamukelashvili,95766-157846,PF/C,Sandro,Sandro Mamukelashvili,Mamukelashvili,5.400000095367430,1,3500,SA@IND,SA,IND,,,,,,PF/C
,,,,,,,,,,,,,95766-157847:Trey Murphy,95766-157847,SF,Trey,Trey Murphy,Murphy,25.2375,80,3500,NO@DEN,NO,DEN,O,Knee,,,,SF
,,,,,,,,,,,,,95766-116906:Lindell Wigginton,95766-116906,PG,Lindell,Lindell Wigginton,Wigginton,10.485714503697000,7,3500,MIL@BKN,MIL,BKN,,,,,,PG
,,,,,,,,,,,,,95766-14511:Markieff Morris,95766-14511,PF/SF,Markieff,Markieff Morris,Morris,8.220000348772320,35,3500,DAL@ORL,DAL,ORL,,,,,,SF/PF
,,,,,,,,,,,,,95766-23740:Ryan Arcidiacono,95766-23740,PG/SG,Ryan,Ryan Arcidiacono,Arcidiacono,1.2000000476837200,1,3500,LAC@NY,NY,LAC,,,,,,PG/SG
,,,,,,,,,,,,,95766-14529:Cory Joseph,95766-14529,PG,Cory,Cory Joseph,Joseph,2.7999998728434200,3,3500,GS@DET,GS,DET,,,,,,PG
,,,,,,,,,,,,,95766-14530:Bojan Bogdanovic,95766-14530,SF/PF,Bojan,Bojan Bogdanovic,Bogdanovic,29.823728399761700,59,3500,GS@DET,DET,GS,O,Calf,,,,SF/PF
,,,,,,,,,,,,,95766-164036:Braxton Key,95766-164036,SF,Braxton,Braxton Key,Key,2.566666603088380,3,3500,NO@DEN,DEN,NO,,,,,,SF
,,,,,,,,,,,,,95766-14543:Davis Bertans,95766-14543,SF,Davis,Davis Bertans,Bertans,7.199999809265140,1,3500,ATL@OKC,OKC,ATL,,,,,,SF
,,,,,,,,,,,,,95766-157906:Usman Garuba,95766-157906,PF,Usman,Usman Garuba,Garuba,11.485333658854200,75,3500,GS@DET,GS,DET,,,,,,PF
,,,,,,,,,,,,,95766-16604:Justin Holiday,95766-16604,SF/SG,Justin,Justin Holiday,Holiday,2.0999999046325700,2,3500,NO@DEN,DEN,NO,,,,,,SG/SF
,,,,,,,,,,,,,95766-195815:Charles Bediako,95766-195815,C,Charles,Charles Bediako,Bediako,,,3500,SA@IND,SA,IND,,,,,,C
,,,,,,,,,,,,,95766-180484:Stanley Umude,95766-180484,SG,Stanley,Stanley Umude,Umude,1.0800000190734900,5,3500,GS@DET,DET,GS,,,,,,SG
,,,,,,,,,,,,,95766-180485:John Butler,95766-180485,PF,John,John Butler,Butler,6.784210205078130,19,3500,WAS@PHI,WAS,PHI,,,,,,PF
,,,,,,,,,,,,,95766-160022:A.J. Lawson,95766-160022,SG,A.J.,A.J. Lawson,Lawson,5.813333129882810,15,3500,DAL@ORL,DAL,ORL,,,,,,SG
,,,,,,,,,,,,,95766-145738:Nate Hinton,95766-145738,SG,Nate,Nate Hinton,Hinton,0,1,3500,SAC@HOU,HOU,SAC,,,,,,SG
,,,,,,,,,,,,,95766-63826:Boban Marjanovic,95766-63826,C,Boban,Boban Marjanovic,Marjanovic,5.5,1,3500,SAC@HOU,HOU,SAC,,,,,,C
,,,,,,,,,,,,,95766-9561:DeAndre Jordan,95766-9561,C,DeAndre,DeAndre Jordan,Jordan,2.700000047683720,1,3500,NO@DEN,DEN,NO,,,,,,C
,,,,,,,,,,,,,95766-159097:Jay Huff,95766-159097,C,Jay,Jay Huff,Huff,15.314285278320300,7,3500,NO@DEN,DEN,NO,,,,,,C
,,,,,,,,,,,,,95766-145819:Naji Marshall,95766-145819,SF,Naji,Naji Marshall,Marshall,18.28846153846150,78,3500,NO@DEN,NO,DEN,O,Knee,,,,SF
,,,,,,,,,,,,,95766-145822:Kevon Harris,95766-145822,SG,Kevon,Kevon Harris,Harris,8.647058823529410,34,3500,DAL@ORL,ORL,DAL,O,Knee,,,,SG
,,,,,,,,,,,,,95766-145824:Jordan Ford,95766-145824,PG,Jordan,Jordan Ford,Ford,1,2,3500,SAC@HOU,SAC,HOU,,,,,,PG
,,,,,,,,,,,,,95766-193991:Alex Fudge,95766-193991,SF/PF,Alex,Alex Fudge,Fudge,0,1,3500,LAL@MIA,LAL,MIA,,,,,,SF/PF
,,,,,,,,,,,,,95766-15814:Alex Len,95766-15814,C,Alex,Alex Len,Len,0.6000000238418580,2,3500,SAC@HOU,SAC,HOU,,,,,,C
,,,,,,,,,,,,,95766-40396:Monte Morris,95766-40396,PG,Monte,Monte Morris,Morris,23.951612903225800,62,3500,GS@DET,DET,GS,O,Quadriceps,,,,PG
,,,,,,,,,,,,,95766-180737:Jeenathan Williams,95766-180737,SG,Jeenathan,Jeenathan Williams,Williams,4,1,3500,SAC@HOU,HOU,SAC,,,,,,SG
,,,,,,,,,,,,,95766-117285:Vlatko Cancar,95766-117285,SF,Vlatko,Vlatko Cancar,Cancar,9.94923095703125,65,3500,NO@DEN,DEN,NO,,,,,,SF
,,,,,,,,,,,,,95766-175653:Jared Rhoden,95766-175653,SG,Jared,Jared Rhoden,Rhoden,0.6000000238418580,2,3500,GS@DET,DET,GS,,,,,,SG
,,,,,,,,,,,,,95766-117290:Charlie Brown,95766-117290,SF,Charlie,Charlie Brown,Brown,,,3500,LAC@NY,NY,LAC,,,,,,SF
,,,,,,,,,,,,,95766-23096:Evan Fournier,95766-23096,SF,Evan,Evan Fournier,Fournier,11.585184733072900,27,3500,LAC@NY,NY,LAC,,,,,,SF
,,,,,,,,,,,,,95766-117307:DaQuan Jeffries,95766-117307,SF,DaQuan,DaQuan Jeffries,Jeffries,3.0999999046325700,2,3500,LAC@NY,NY,LAC,,,,,,SF
,,,,,,,,,,,,,95766-180793:Jermaine Samuels,95766-180793,SF,Jermaine,Jermaine Samuels,Samuels,1,2,3500,SAC@HOU,HOU,SAC,,,,,,SF
,,,,,,,,,,,,,95766-9799:Wesley Matthews,95766-9799,SG,Wesley,Wesley Matthews,Matthews,8.753703929759840,54,3500,ATL@OKC,ATL,OKC,O,Calf,,,,SG
,,,,,,,,,,,,,95766-81529:Daniel Theis,95766-81529,PF/C,Daniel,Daniel Theis,Theis,15.700000217982700,7,3500,SA@IND,IND,SA,,,,,,PF/C
,,,,,,,,,,,,,95766-171658:Johnny Juzang,95766-171658,SF,Johnny,Johnny Juzang,Juzang,9.100000169542100,18,3500,UTA@CHI,UTA,CHI,,,,,,SF
,,,,,,,,,,,,,95766-171659:Lester Quinones,95766-171659,SG,Lester,Lester Quinones,Quinones,4,1,3500,GS@DET,GS,DET,,,,,,SG
,,,,,,,,,,,,,95766-9873:Robin Lopez,95766-9873,C,Robin,Robin Lopez,Lopez,2.5,1,3500,MIL@BKN,MIL,BKN,,,,,,C
,,,,,,,,,,,,,95766-171670:Dereon Seabron,95766-171670,SG,Dereon,Dereon Seabron,Seabron,3.5,1,3500,NO@DEN,NO,DEN,,,,,,SG
,,,,,,,,,,,,,95766-171668:Collin Gillespie,95766-171668,PG,Collin,Collin Gillespie,Gillespie,4.066666603088380,3,3500,NO@DEN,DEN,NO,,,,,,PG
,,,,,,,,,,,,,95766-171669:Keon Ellis,95766-171669,SG,Keon,Keon Ellis,Ellis,1.5,2,3500,SAC@HOU,SAC,HOU,,,,,,SG
,,,,,,,,,,,,,95766-171672:A.J. Green,95766-171672,SG,A.J.,A.J. Green,Green,5.299999872843430,3,3500,MIL@BKN,MIL,BKN,,,,,,SG
,,,,,,,,,,,,,95766-171673:Justin Lewis,95766-171673,PF,Justin,Justin Lewis,Lewis,,,3500,UTA@CHI,CHI,UTA,,,,,,PF
,,,,,,,,,,,,,95766-158371:Terry Taylor,95766-158371,SG/SF,Terry,Terry Taylor,Taylor,1,2,3500,UTA@CHI,CHI,UTA,,,,,,SG/SF
,,,,,,,,,,,,,95766-171680:Cole Swider,95766-171680,SF,Cole,Cole Swider,Swider,6.199999809265140,1,3500,LAL@MIA,MIA,LAL,,,,,,SF
,,,,,,,,,,,,,95766-84675:Mo Bamba,95766-84675,C,Mo,Mo Bamba,Bamba,2.2666667302449500,3,3500,WAS@PHI,PHI,WAS,,,,,,C
,,,,,,,,,,,,,95766-84677:Jerome Robinson,95766-84677,SG,Jerome,Jerome Robinson,Robinson,2.4000000953674300,1,3500,GS@DET,GS,DET,,,,,,SG
,,,,,,,,,,,,,95766-84676:Wendell Carter,95766-84676,C,Wendell,Wendell Carter,Carter,23.519999694824200,5,3500,DAL@ORL,ORL,DAL,O,Finger,,,,C
,,,,,,,,,,,,,95766-9939:Patty Mills,95766-9939,SG/PG,Patty,Patty Mills,Mills,9.921950921779730,41,3500,ATL@OKC,ATL,OKC,,,,,,PG/SG
,,,,,,,,,,,,,95766-171745:Kendall Brown,95766-171745,SG,Kendall,Kendall Brown,Brown,5.116666793823240,6,3500,SA@IND,IND,SA,,,,,,SG
,,,,,,,,,,,,,95766-171750:Blake Wesley,95766-171750,SG,Blake,Blake Wesley,Wesley,4.5,1,3500,SA@IND,SA,IND,,,,,,SG
,,,,,,,,,,,,,95766-84713:Svi Mykhailiuk,95766-84713,SG,Svi,Svi Mykhailiuk,Mykhailiuk,8.050000190734860,2,3500,BOS@MIN,BOS,MIN,,,,,,SG
,,,,,,,,,,,,,95766-84719:Aaron Holiday,95766-84719,PG,Aaron,Aaron Holiday,Holiday,3.433333396911620,3,3500,SAC@HOU,HOU,SAC,,,,,,PG
,,,,,,,,,,,,,95766-171762:JD Davison,95766-171762,PG,JD,JD Davison,Davison,4.524999936421710,12,3500,BOS@MIN,BOS,MIN,,,,,,PG
,,,,,,,,,,,,,95766-84721:Jarred Vanderbilt,95766-84721,PF,Jarred,Jarred Vanderbilt,Vanderbilt,21.479786974318500,94,3500,LAL@MIA,LAL,MIA,O,Heel,,,,PF
,,,,,,,,,,,,,95766-171763:Dalen Terry,95766-171763,SG,Dalen,Dalen Terry,Terry,3.866666793823240,3,3500,UTA@CHI,CHI,UTA,,,,,,SG
,,,,,,,,,,,,,95766-171765:Moussa Diabate,95766-171765,PF,Moussa,Moussa Diabate,Diabate,5.866666793823240,3,3500,LAC@NY,LAC,NY,,,,,,PF
,,,,,,,,,,,,,95766-110329:Bruno Fernando,95766-110329,PF/C,Bruno,Bruno Fernando,Fernando,-1,2,3500,ATL@OKC,ATL,OKC,,,,,,PF/C
,,,,,,,,,,,,,95766-171771:Caleb Houstan,95766-171771,SF,Caleb,Caleb Houstan,Houstan,4.299999872843430,3,3500,DAL@ORL,ORL,DAL,,,,,,SF
,,,,,,,,,,,,,95766-110328:Admiral Schofield,95766-110328,SF,Admiral,Admiral Schofield,Schofield,5,1,3500,DAL@ORL,ORL,DAL,,,,,,SF
,,,,,,,,,,,,,95766-171768:TyTy Washington,95766-171768,PG,TyTy,TyTy Washington,Washington,2,1,3500,MIL@BKN,MIL,BKN,,,,,,PG
,,,,,,,,,,,,,95766-171773:Patrick Baldwin,95766-171773,SF,Patrick,Patrick Baldwin,Baldwin,0.75,2,3500,WAS@PHI,WAS,PHI,,,,,,SF
,,,,,,,,,,,,,95766-171778:Wendell Moore,95766-171778,SG,Wendell,Wendell Moore,Moore,3.8903225314232600,31,3500,BOS@MIN,MIN,BOS,,,,,,SG
,,,,,,,,,,,,,95766-171776:Josh Minott,95766-171776,SF,Josh,Josh Minott,Minott,3.125,4,3500,BOS@MIN,MIN,BOS,,,,,,SF
,,,,,,,,,,,,,95766-110341:Dylan Windler,95766-110341,SG,Dylan,Dylan Windler,Windler,2.8499999046325700,2,3500,LAC@NY,NY,LAC,,,,,,SG
,,,,,,,,,,,,,95766-171783:E.J. Liddell,95766-171783,PF,E.J.,E.J. Liddell,Liddell,1.2000000476837200,2,3500,NO@DEN,NO,DEN,,,,,,PF
,,,,,,,,,,,,,95766-161551:Javonte Smart,95766-161551,PG,Javonte,Javonte Smart,Smart,,,3500,WAS@PHI,PHI,WAS,,,,,,PG
,,,,,,,,,,,,,95766-111372:Thanasis Antetokounmpo,95766-111372,SF/PF,Thanasis,Thanasis Antetokounmpo,Antetokounmpo,2.5,2,3500,MIL@BKN,MIL,BKN,,,,,,SF/PF
,,,,,,,,,,,,,95766-161552:Micah Potter,95766-161552,PF,Micah,Micah Potter,Potter,7.171428680419920,7,3500,UTA@CHI,UTA,CHI,,,,,,PF
,,,,,,,,,,,,,95766-55065:Vasilije Micic,95766-55065,PG,Vasilije,Vasilije Micic,Micic,5.900000254313150,3,3500,ATL@OKC,OKC,ATL,,,,,,PG
,,,,,,,,,,,,,95766-192339:Dexter Dennis,95766-192339,SG,Dexter,Dexter Dennis,Dennis,,,3500,DAL@ORL,DAL,ORL,,,,,,SG
,,,,,,,,,,,,,95766-171925:Dominick Barlow,95766-171925,SF,Dominick,Dominick Barlow,Barlow,0,1,3500,SA@IND,SA,IND,,,,,,SF
,,,,,,,,,,,,,95766-23447:Richaun Holmes,95766-23447,C,Richaun,Richaun Holmes,Holmes,6.369047619047620,42,3500,DAL@ORL,DAL,ORL,,,,,,C
,,,,,,,,,,,,,95766-80806:Lonzo Ball,95766-80806,PG,Lonzo,Lonzo Ball,Ball,,,3500,UTA@CHI,CHI,UTA,O,Knee,,,,PG
,,,,,,,,,,,,,95766-80819:Harry Giles,95766-80819,PF/C,Harry,Harry Giles,Giles,,,3500,MIL@BKN,BKN,MIL,,,,,,PF/C
,,,,,,,,,,,,,95766-145352:Trent Forrest,95766-145352,SG,Trent,Trent Forrest,Forrest,1.5,1,3500,ATL@OKC,ATL,OKC,,,,,,SG
,,,,,,,,,,,,,95766-145357:Lamar Stevens,95766-145357,PF,Lamar,Lamar Stevens,Stevens,6.900000095367430,2,3500,BOS@MIN,BOS,MIN,,,,,,PF
,,,,,,,,,,,,,95766-165854:Lindy Waters,95766-165854,SG,Lindy,Lindy Waters,Waters,0,3,3500,ATL@OKC,OKC,ATL,,,,,,SG
,,,,,,,,,,,,,95766-188406:Cam Whitmore,95766-188406,SF,Cam,Cam Whitmore,Whitmore,0.20000000298023200,2,3500,SAC@HOU,HOU,SAC,,,,,,SF
,,,,,,,,,,,,,95766-188407:Jett Howard,95766-188407,SF,Jett,Jett Howard,Howard,1.9666666984558100,3,3500,DAL@ORL,ORL,DAL,,,,,,SF
,,,,,,,,,,,,,95766-188413:Brice Sensabaugh,95766-188413,SF,Brice,Brice Sensabaugh,Sensabaugh,2.4000000953674300,1,3500,UTA@CHI,UTA,CHI,,,,,,SF